-17,-17,-17,-17,-17,-17,-17,-17,-17,-17,-17,-117,-212,-271,10,178,237,56,-17,-17,-17,-17,-17,-17,-17,-17,-17,-17,-17,-17,-17,-17,-17,-72,-239,-266,-98,272,422,192,-84,-207,-90,-17,-17,-17,-17,-17,-17,-17,-17,-17,-17,-17,-17,-17,-17,-153,-215,-20,380,499,69,-490,-567,-214,-81,-17,-17,-17,-17,-17,-17,-17,-17,-17,-17,-17,-17,-17,-85,-271,23,458,534,-54,-642,-814,-429,87,52,-17,-17,-17,-17,-17,-17,-17,-17,-17,-17,-17,-17,-100,-271,-134,511,572,-374,-1390,-1038,-463,5,103,200,169,9,-17,-17,-17,-17,-17,-17,-17,-17,-17,-43,-207,-187,158,403,-427,-1361,-1117,-449,-85,124,308,253,83,-76,-43,-17,-17,-17,-17,-17,-17,-17,-17,-81,-227,46,403,-44,-1232,-1366,-372,105,205,568,390,-171,-411,-279,-144,-17,-17,-17,-17,-17,-17,-17,-17,-131,-180,238,193,-812,-1385,-428,269,460,565,373,-262,-919,-681,-55,-8,-17,-17,-17,-17,-17,-17,-17,-17,-34,-121,-19,-519,-1177,-558,270,636,610,-155,-903,-1091,-652,-85,118,110,-17,-17,-17,-17,-17,-17,-17,-17,-43,-128,-203,-849,-1060,26,751,370,-416,-1334,-1264,-768,-183,246,164,0,-17,-17,-17,-17,-17,-17,-17,-17,-81,-291,-336,-595,-517,516,327,-693,-1538,-1174,-425,27,218,50,0,-17,-17,-17,-17,-17,-17,-17,-17,-17,-131,-452,-375,-149,-319,-71,-580,-1225,-975,-110,256,115,-4,-17,-17,-17,-17,-17,-17,-17,-17,-17,-17,-17,-72,-480,-402,-143,-285,-661,-1177,-728,35,360,23,-17,-17,-17,-17,-17,-17,-17,-17,-17,-17,-17,-17,-17,-155,-322,-18,-24,-654,-1022,-973,-148,293,-40,-103,-17,-17,-17,-17,-17,-17,-17,-17,-17,-17,-17,-17,-83,-249,-95,206,-262,-971,-770,-387,-51,-81,-41,-211,-34,-17,-17,-17,-17,-17,-17,-17,-17,-17,-17,-17,-178,-204,227,272,-802,-1471,-465,-3,23,-256,-103,-150,-34,-17,-17,-17,-17,-17,-17,-17,-17,-17,-17,-77,-272,-35,341,-145,-1219,-1201,-326,93,149,-472,-309,-93,-34,-17,-17,-17,-17,-17,-17,-17,-17,-17,-17,-193,-211,254,211,-881,-1261,-373,136,204,-217,-1004,-375,99,0,-17,-17,-17,-17,-17,-17,-17,-17,-17,-17,-168,-101,134,-434,-1295,-551,487,531,-212,-1072,-976,-74,213,17,-17,-17,-17,-17,-17,-17,-17,-17,-17,-17,-168,-45,-157,-916,-833,392,665,-95,-1184,-1419,-487,330,120,-17,-17,-17,-17,-17,-17,-17,-17,-17,-17,-17,-77,146,-104,-767,-233,272,-520,-1262,-1389,-549,199,236,-11,-17,-17,-17,-17,-17,-17,-17,-17,-17,-17,-17,-193,-145,-314,-586,-312,-436,-1001,-994,-418,124,287,6,-17,-17,-17,-17,-17,-17,-17,-17,-17,-17,-17,-17,-168,-271,-480,-611,-458,-567,-645,-249,177,221,0,-17,-17,-17,-17,-17,-17,-17,-17,-17,-17,-17,-17,-17,-168,-422,-675,-626,-488,-320,-67,118,67,-17,-17,-17,-17,-17,-17,-17,-17,-17,-17,-17
43,43,43,43,43,43,43,43,43,43,43,-57,-252,-506,-579,-579,-479,-284,-30,43,43,43,43,43,43,43,43,43,43,43,43,43,43,-12,-234,-483,-719,-847,-856,-634,-385,-149,-21,43,43,43,43,43,43,43,43,43,43,43,43,43,43,-93,-346,-471,-464,-518,-662,-541,-135,26,39,43,43,43,43,43,43,43,43,43,43,43,43,43,-25,-224,-208,-149,-234,-342,-315,-57,355,370,116,43,43,43,43,43,43,43,43,43,43,43,43,-40,-294,-288,-4,-196,-492,-198,345,516,436,184,-198,-322,-169,17,43,43,43,43,43,43,43,43,17,-173,-358,-154,-208,-670,-453,260,609,276,-301,-680,-715,-590,-337,-84,43,43,43,43,43,43,43,43,-21,-174,-145,-111,-638,-772,-28,402,23,-378,-643,-887,-705,-296,-45,26,43,43,43,43,43,43,43,43,-45,-51,-3,-454,-942,-517,142,9,-428,-464,-329,-549,-354,216,255,69,43,43,43,43,43,43,43,43,116,227,-80,-839,-891,-291,25,-70,-329,-330,-210,-13,331,744,635,196,43,43,43,43,43,43,43,43,221,442,-108,-953,-618,127,53,-277,-432,-229,261,628,896,828,511,187,43,43,43,43,43,43,43,43,174,416,-25,-758,-316,446,-51,-600,-258,425,824,876,645,352,131,60,43,43,43,43,43,43,43,43,60,273,214,-356,-267,116,-464,-645,175,855,761,416,167,56,43,43,43,43,43,43,43,43,43,43,5,-21,114,-191,-487,-473,-448,-118,293,348,183,77,43,43,43,43,43,43,43,43,43,43,43,43,-95,-158,63,-106,-410,-434,-119,269,47,-237,-179,26,43,43,43,43,43,43,43,43,43,43,43,-23,-217,-98,-52,-333,-104,185,61,121,-82,-396,-227,26,43,43,43,43,43,43,43,43,43,43,43,-118,-195,24,-388,-743,122,661,111,-195,-94,-87,-141,9,43,43,43,43,43,43,43,43,43,43,-17,-206,-109,-143,-767,-708,292,676,-5,-548,-115,464,271,60,43,43,43,43,43,43,43,43,43,43,-133,-160,25,-481,-1002,-449,273,260,-280,-836,-151,800,535,77,43,43,43,43,43,43,43,43,43,43,-48,54,-123,-1038,-1187,-347,114,-145,-644,-704,166,1004,600,94,43,43,43,43,43,43,43,43,43,43,128,147,-571,-1295,-777,141,157,-331,-579,-13,809,906,433,77,43,43,43,43,43,43,43,43,43,43,370,551,-50,-29,921,1116,393,-132,55,675,945,562,152,43,43,43,43,43,43,43,43,43,43,43,345,551,155,293,936,685,176,296,723,925,631,222,49,43,43,43,43,43,43,43,43,43,43,43,194,297,145,344,819,796,669,862,846,545,231,60,43,43,43,43,43,43,43,43,43,43,43,43,43,43,43,194,448,550,549,515,346,127,43,43,43,43,43,43,43,43,43,43
32,32,32,32,32,32,32,32,32,32,32,32,32,-68,-263,-517,-490,-295,-41,32,32,32,32,32,32,32,32,32,32,32,32,32,32,32,32,-123,-540,-943,-1002,-654,-396,-160,-32,32,32,32,32,32,32,32,32,32,32,32,32,32,32,-23,-245,-675,-1037,-1100,-504,91,254,88,28,32,32,32,32,32,32,32,32,32,32,32,32,32,32,-159,-647,-962,-613,51,526,452,224,96,32,32,32,32,32,32,32,32,32,32,32,32,32,32,-36,-509,-908,-421,425,997,896,365,95,-311,-393,-333,-180,6,32,32,32,32,32,32,32,32,32,-51,-399,-822,-292,504,831,697,264,-185,-714,-796,-757,-601,-348,-95,32,32,32,32,32,32,32,32,6,-267,-729,-537,384,654,469,133,-459,-1122,-1386,-949,-309,-69,-30,15,32,32,32,32,32,32,32,32,-58,-458,-604,129,538,211,-13,-837,-1308,-1289,-657,97,423,399,159,32,32,32,32,32,32,32,32,32,-146,-462,-17,622,334,-430,-1190,-1405,-900,-38,810,937,621,153,-111,6,32,32,32,32,32,32,32,32,-73,-183,186,558,76,-981,-1519,-727,468,1003,1202,694,249,32,-94,-95,32,32,32,32,32,32,32,32,79,131,151,-8,-336,-884,-631,610,1019,999,472,119,21,-122,-22,15,32,32,32,32,32,32,32,32,146,221,66,-189,-376,-114,340,598,450,121,20,-85,-66,19,32,32,32,32,32,32,32,32,32,32,49,84,-2,-236,-27,366,356,-78,-447,-367,-240,-2,32,32,32,32,32,32,32,32,32,32,32,32,-6,-222,-282,-80,90,421,152,-168,-572,-633,-202,15,32,32,32,32,32,32,32,32,32,32,32,32,-144,-541,-283,366,426,122,-113,-40,-396,-393,-238,15,32,32,32,32,32,32,32,32,32,32,32,-34,-404,-640,65,567,538,211,-283,-102,-315,-359,-238,-2,32,32,32,32,32,32,32,32,32,32,32,-195,-636,-301,359,363,406,-33,-436,-118,-99,-197,-157,32,32,32,32,32,32,32,32,32,32,32,-28,-444,-655,100,414,172,-249,-821,-404,264,254,115,-134,15,32,32,32,32,32,32,32,32,32,32,-204,-587,-134,481,99,-596,-1331,-952,166,669,458,118,-204,15,32,32,32,32,32,32,32,32,32,32,-295,-406,238,235,-604,-1278,-1209,25,947,852,367,38,-187,-2,32,32,32,32,32,32,32,32,32,32,-210,-136,231,93,-61,-43,562,1267,1033,513,49,-119,-71,32,32,32,32,32,32,32,32,32,32,32,57,359,511,616,712,877,1181,998,418,45,-56,-118,26,32,32,32,32,32,32,32,32,32,32,32,183,588,701,775,819,658,551,295,43,-44,-122,15,32,32,32,32,32,32,32,32,32,32,32,32,183,437,539,689,607,334,116,-2,-103,-52,32,32,32,32,32,32,32,32,32,32
108,108,108,108,108,108,108,108,108,108,108,108,108,108,108,108,108,108,108,108,108,108,108,108,108,108,108,108,108,108,108,108,108,108,108,108,108,208,403,557,435,181,108,108,108,108,108,108,108,108,108,108,108,108,108,108,108,108,108,163,385,579,593,572,495,426,181,108,108,108,108,108,108,108,108,108,108,108,108,108,108,108,108,144,202,92,21,-164,-161,-87,99,108,108,108,108,108,108,108,108,108,108,108,108,108,108,53,-101,-196,-544,-1031,-1147,-966,-754,-398,-25,108,108,108,108,108,108,108,108,108,108,108,108,108,108,0,-221,-593,-1103,-1243,-1223,-886,-412,65,379,320,134,108,108,108,108,108,108,108,108,108,108,108,66,-134,-311,-538,-708,-840,-639,-129,302,537,623,641,421,134,108,108,108,108,108,108,108,108,108,25,-233,-436,-415,-500,-564,-366,99,340,263,314,219,84,166,209,108,108,108,108,108,108,108,108,82,-191,-584,-634,-524,-579,-458,-52,264,-118,-553,-824,-830,-665,-413,-28,108,108,108,108,108,108,108,108,18,-408,-854,-747,-396,-299,-207,-114,-375,-892,-1370,-1416,-1173,-825,-360,-36,108,108,108,108,108,108,108,108,-70,-559,-929,-839,-603,-279,-180,-506,-1042,-1352,-1254,-1030,-582,-218,20,91,108,108,108,108,108,108,108,108,-23,-501,-915,-914,-872,-971,-821,-917,-1145,-1013,-728,-278,-16,95,108,108,108,108,108,108,108,108,108,108,91,-224,-731,-1004,-1184,-1337,-1071,-765,-703,-574,-135,74,108,108,108,108,108,108,108,108,108,108,108,108,108,-87,-548,-835,-1159,-1354,-931,-303,53,89,102,108,108,108,108,108,108,108,108,108,108,108,108,108,108,-82,-424,-679,-1174,-1321,-1087,-394,278,497,228,108,108,108,108,108,108,108,108,108,108,108,108,108,70,-170,-341,-648,-1236,-1556,-1503,-909,-155,204,233,125,108,108,108,108,108,108,108,108,108,108,108,108,-68,-381,-366,-525,-1031,-1515,-1377,-916,-587,-181,64,108,108,108,108,108,108,108,108,108,108,108,108,42,-268,-415,-350,-451,-712,-952,-839,-607,-637,-540,-137,108,108,108,108,108,108,108,108,108,108,108,108,-119,-428,-402,-458,-495,-436,-449,-597,-646,-700,-695,-346,57,108,108,108,108,108,108,108,108,108,108,48,-368,-677,-502,-316,-324,-365,-394,-661,-802,-896,-633,-276,74,108,108,108,108,108,108,108,108,108,108,-128,-637,-766,-534,-395,-364,-480,-762,-993,-969,-738,-394,-1,108,108,108,108,108,108,108,108,108,108,108,-219,-727,-961,-1161,-1377,-1431,-1339,-1278,-1118,-886,-486,-71,102,108,108,108,108,108,108,108,108,108,108,108,-194,-702,-1116,-1547,-2019,-2048,-1711,-1314,-883,-411,-80,91,108,108,108,108,108,108,108,108,108,108,108,108,-43,-297,-550,-803,-1022,-955,-701,-448,-195,24,108,108,108,108,108,108,108,108,108,108
28,28,28,28,28,28,28,28,28,28,28,128,223,282,101,28,28,28,28,28,28,28,28,28,28,28,28,28,28,28,28,28,28,83,250,377,459,310,-130,-421,-299,-45,28,28,28,28,28,28,28,28,28,28,28,28,28,28,28,219,503,547,370,147,-62,-263,-164,-36,28,28,28,28,28,28,28,28,28,28,28,28,28,28,96,473,709,701,507,376,238,-36,-184,-230,-45,28,28,28,28,28,28,28,28,28,28,28,28,111,350,658,777,668,521,569,464,327,51,-74,-36,28,28,28,28,28,28,28,28,28,28,28,54,301,603,706,540,508,640,584,362,405,430,2,-315,-184,2,28,28,28,28,28,28,28,28,28,118,537,870,691,311,221,490,447,437,570,396,-62,-452,-352,-99,28,28,28,28,28,28,28,28,28,232,816,1114,606,241,366,348,433,536,467,437,159,-128,-213,-175,2,28,28,28,28,28,28,28,28,249,1022,1300,683,350,343,365,440,477,497,657,605,178,-199,-225,-99,28,28,28,28,28,28,28,28,223,1036,1593,957,304,256,389,530,523,681,592,368,172,-70,-43,11,28,28,28,28,28,28,28,28,159,896,1719,1410,544,136,312,480,582,438,266,96,5,32,28,28,28,28,28,28,28,28,28,28,45,664,1697,1709,1056,279,211,419,368,113,-51,7,28,28,28,28,28,28,28,28,28,28,28,28,66,546,1367,1819,1537,698,-4,-95,-58,-128,22,28,28,28,28,28,28,28,28,28,28,28,28,28,204,692,988,1243,1536,1162,224,-512,-525,-80,28,28,28,28,28,28,28,28,28,28,28,28,28,94,436,774,786,788,1315,1669,729,-502,-689,-279,11,28,28,28,28,28,28,28,28,28,28,28,28,255,689,840,540,347,1039,1724,1462,53,-715,-487,-92,28,28,28,28,28,28,28,28,28,28,28,88,510,924,756,357,245,703,1390,1670,534,-506,-512,-217,11,28,28,28,28,28,28,28,28,28,28,264,764,960,586,312,397,531,1058,1230,541,-97,-311,-225,11,28,28,28,28,28,28,28,28,28,28,415,1012,1028,635,528,488,505,693,716,524,56,-214,-225,-6,28,28,28,28,28,28,28,28,28,28,566,1281,1241,770,493,265,366,567,496,385,44,-192,-75,28,28,28,28,28,28,28,28,28,28,28,506,1177,1187,772,338,203,452,615,517,154,-113,-128,22,28,28,28,28,28,28,28,28,28,28,28,330,1014,1380,1200,875,713,720,519,192,-57,-137,11,28,28,28,28,28,28,28,28,28,28,28,28,179,584,940,949,688,508,359,193,-3,-39,28,28,28,28,28,28,28,28,28,28,28,28,28,28,28,179,433,535,534,500,331,112,28,28,28,28,28,28,28,28,28,28,28,28
-117,-117,-117,-117,-117,-117,-117,-117,-117,-117,-117,-217,-412,-566,-344,5,137,-44,-117,-117,-117,-117,-117,-117,-117,-117,-117,-117,-117,-117,-117,-117,-117,-172,-394,-588,-447,36,389,282,-111,-307,-190,-117,-117,-117,-117,-117,-117,-117,-117,-117,-117,-117,-117,-117,-117,-253,-451,-218,372,619,11,-639,-798,-568,-254,-117,-117,-117,-117,-117,-117,-117,-117,-117,-117,-117,-117,-117,-185,-384,-164,370,561,-287,-1194,-1387,-956,-395,-185,-117,-117,-117,-117,-117,-117,-117,-117,-117,-117,-117,-117,-200,-454,-352,356,476,-709,-1779,-1360,-610,-426,-324,6,69,-91,-117,-117,-117,-117,-117,-117,-117,-117,-117,-143,-333,-409,74,200,-623,-1323,-1197,-600,-364,-176,95,208,9,-176,-143,-117,-117,-117,-117,-117,-117,-117,-117,-181,-308,-93,146,-330,-1176,-1306,-618,-211,111,477,312,-74,-537,-565,-270,-117,-117,-117,-117,-117,-117,-117,-117,-205,-230,-71,-220,-895,-1284,-948,-244,376,655,360,-555,-1307,-1170,-594,-261,-117,-117,-117,-117,-117,-117,-117,-117,-70,-92,-446,-917,-921,-873,-367,527,622,-259,-1430,-1539,-970,-611,-306,-134,-117,-117,-117,-117,-117,-117,-117,-117,-29,-153,-653,-967,-798,-286,288,336,-718,-1765,-1626,-915,-158,162,-7,-117,-117,-117,-117,-117,-117,-117,-117,-117,-164,-297,-637,-689,-263,31,-214,-1107,-1784,-1346,-488,115,149,-29,-100,-117,-117,-117,-117,-117,-117,-117,-117,-117,-231,-479,-394,-125,-238,-709,-1425,-1457,-1017,-198,169,7,-104,-117,-117,-117,-117,-117,-117,-117,-117,-117,-117,-117,-172,-513,-638,-122,-76,-1198,-1623,-858,-114,133,-83,-117,-117,-117,-117,-117,-117,-117,-117,-117,-117,-117,-117,-117,-255,-475,-289,-18,-341,-1218,-1148,-342,-173,-224,-203,-117,-117,-117,-117,-117,-117,-117,-117,-117,-117,-117,-117,-183,-377,-244,-42,-179,-684,-970,-777,-634,-494,-448,-414,-134,-117,-117,-117,-117,-117,-117,-117,-117,-117,-117,-117,-278,-327,17,-80,-814,-1244,-811,-328,-359,-573,-684,-564,-151,-117,-117,-117,-117,-117,-117,-117,-117,-117,-117,-177,-366,-224,-26,-305,-946,-1363,-769,26,235,-359,-881,-657,-168,-117,-117,-117,-117,-117,-117,-117,-117,-117,-117,-293,-326,-14,-113,-748,-1209,-943,-260,266,-35,-791,-947,-507,-151,-117,-117,-117,-117,-117,-117,-117,-117,-117,-117,-208,-157,-253,-769,-1175,-930,4,304,-395,-936,-966,-647,-243,-117,-117,-117,-117,-117,-117,-117,-117,-117,-117,-117,-92,-278,-796,-951,-663,23,391,-312,-1403,-1412,-579,-112,-89,-117,-117,-117,-117,-117,-117,-117,-117,-117,-117,-117,-26,-27,-280,-159,60,-203,-948,-1736,-1521,-631,-110,-37,-117,-117,-117,-117,-117,-117,-117,-117,-117,-117,-117,-117,-142,-293,-317,-339,-780,-1388,-1618,-1222,-519,5,28,-111,-117,-117,-117,-117,-117,-117,-117,-117,-117,-117,-117,-117,-268,-522,-532,-456,-640,-784,-576,-108,200,71,-100,-117,-117,-117,-117,-117,-117,-117,-117,-117,-117,-117,-117,-117,-268,-522,-473,-218,-82,86,271,186,-33,-117,-117,-117,-117,-117,-117,-117,-117,-117,-117,-117
5,5,5,5,5,5,5,5,5,5,5,5,5,-95,-190,-249,-68,5,5,5,5,5,5,5,5,5,5,5,5,5,5,5,5,5,5,50,-22,-90,-453,-572,-386,-68,5,5,5,5,5,5,5,5,5,5,5,5,5,5,5,60,227,163,6,-114,-177,-299,-191,-59,5,5,5,5,5,5,5,5,5,5,5,5,5,5,5,196,467,311,138,186,437,490,315,74,5,5,5,5,5,5,5,5,5,5,5,5,5,5,73,312,278,266,439,649,722,532,243,-265,-254,-21,5,5,5,5,5,5,5,5,5,5,5,88,301,239,-44,1,502,738,371,144,-106,-448,-651,-334,-21,5,5,5,5,5,5,5,5,5,31,278,505,178,-141,107,441,381,39,-73,-30,-336,-550,-392,-122,5,5,5,5,5,5,5,5,5,95,457,563,160,39,313,499,36,-2,37,130,263,201,129,14,5,5,5,5,5,5,5,5,5,183,584,696,92,16,509,271,-44,58,280,514,681,782,418,-28,-21,5,5,5,5,5,5,5,5,136,661,955,473,87,169,34,-44,303,556,822,641,378,93,-104,-122,5,5,5,5,5,5,5,5,22,451,1104,1013,519,26,-202,305,550,737,454,128,-10,-149,-49,-12,5,5,5,5,5,5,5,5,5,217,836,1186,851,125,-149,377,672,280,14,-112,-93,-8,5,5,5,5,5,5,5,5,5,5,5,195,642,813,1040,456,-213,-66,103,-40,-164,-29,5,5,5,5,5,5,5,5,5,5,5,5,43,311,422,468,1002,1144,103,-541,-603,-299,-1,5,5,5,5,5,5,5,5,5,5,5,5,5,181,451,179,96,903,1563,939,-257,-839,-245,-12,5,5,5,5,5,5,5,5,5,5,5,5,71,375,356,48,49,673,1371,1216,298,-563,-275,-12,5,5,5,5,5,5,5,5,5,5,5,5,232,496,187,-63,184,599,677,788,435,-115,-196,-115,5,5,5,5,5,5,5,5,5,5,5,65,421,456,66,-4,378,536,195,284,339,287,130,-172,-12,5,5,5,5,5,5,5,5,5,5,241,574,374,-36,190,537,180,49,70,358,589,286,-197,-12,5,5,5,5,5,5,5,5,5,5,332,749,506,141,349,310,-97,83,327,548,484,108,-214,-29,5,5,5,5,5,5,5,5,5,5,307,840,952,755,692,244,117,485,645,595,167,-140,-98,5,5,5,5,5,5,5,5,5,5,5,156,561,917,1253,1148,719,716,768,563,200,-66,-145,-1,5,5,5,5,5,5,5,5,5,5,5,5,156,410,814,868,637,578,383,83,-71,-149,-12,5,5,5,5,5,5,5,5,5,5,5,5,5,5,5,156,108,4,5,-29,-130,-79,5,5,5,5,5,5,5,5,5,5
8,8,8,8,8,8,8,8,8,8,8,-92,-187,-146,230,457,335,81,8,8,8,8,8,8,8,8,8,8,8,8,8,8,8,-47,-214,-286,-146,197,551,726,468,326,81,8,8,8,8,8,8,8,8,8,8,8,8,8,8,-183,-467,-375,100,495,833,840,593,394,145,8,8,8,8,8,8,8,8,8,8,8,8,8,-60,-437,-550,-66,269,247,425,650,595,403,149,8,8,8,8,8,8,8,8,8,8,8,8,-75,-314,-539,-268,228,187,373,232,23,-91,216,415,220,34,8,8,8,8,8,8,8,8,8,-18,-265,-541,-331,400,437,218,59,-124,-358,-159,403,717,567,321,34,8,8,8,8,8,8,8,8,-82,-501,-687,92,699,591,140,-112,-366,-185,198,824,949,655,464,161,8,8,8,8,8,8,8,8,-196,-754,-680,430,652,363,82,-168,50,203,287,614,778,783,518,178,8,8,8,8,8,8,8,8,-213,-839,-693,195,471,311,141,154,259,409,272,264,330,330,306,152,8,8,8,8,8,8,8,8,-161,-696,-911,-153,204,410,586,448,333,325,330,130,-25,-7,-48,25,8,8,8,8,8,8,8,8,-59,-607,-1167,-618,102,537,1023,608,319,392,49,-37,-123,-50,-9,8,8,8,8,8,8,8,8,8,105,-375,-1297,-1106,-358,747,1298,851,352,106,-24,-69,-5,8,8,8,8,8,8,8,8,8,8,8,-13,-285,-917,-861,-497,168,1141,1008,776,182,-20,8,8,8,8,8,8,8,8,8,8,8,8,8,-168,-566,-476,-191,-466,-215,579,1127,1103,559,128,8,8,8,8,8,8,8,8,8,8,8,8,-58,-400,-529,53,240,-537,-812,41,958,1495,872,339,25,8,8,8,8,8,8,8,8,8,8,8,-219,-653,-420,469,516,-225,-1028,-813,600,1365,1080,609,42,8,8,8,8,8,8,8,8,8,8,-52,-474,-724,114,568,453,-46,-797,-776,393,935,818,725,76,8,8,8,8,8,8,8,8,8,8,-228,-728,-449,487,395,144,82,-287,-47,322,654,597,600,59,8,8,8,8,8,8,8,8,8,8,-379,-850,-294,307,291,240,201,315,423,343,442,418,353,42,8,8,8,8,8,8,8,8,8,8,-530,-908,-371,87,310,586,584,453,511,299,396,182,83,8,8,8,8,8,8,8,8,8,8,8,-410,-735,-479,-277,37,382,499,375,382,230,169,78,14,8,8,8,8,8,8,8,8,8,8,8,-118,-573,-690,-557,-249,235,208,133,76,89,23,19,8,8,8,8,8,8,8,8,8,8,8,8,8,-294,-592,-632,-492,-208,-77,-146,-37,-79,-9,8,8,8,8,8,8,8,8,8,8,8,8,8,159,111,7,-143,-280,-380,-329,-211,-76,8,8,8,8,8,8,8,8,8,8,8
-127,-127,-127,-127,-127,-127,-127,-127,-127,-127,-127,-127,-27,68,127,-54,-127,-127,-127,-127,-127,-127,-127,-127,-127,-127,-127,-127,-127,-127,-127,-127,-127,-127,-72,-5,-73,-145,28,232,322,200,-54,-127,-127,-127,-127,-127,-127,-127,-127,-127,-127,-127,-127,-127,-127,-182,-213,-223,-378,-439,-329,-260,-285,-262,-136,-127,-127,-127,-127,-127,-127,-127,-127,-127,-127,-127,-127,-127,-127,-250,-403,-727,-928,-936,-1101,-1013,-781,-375,-187,-127,-127,-127,-127,-127,-127,-127,-127,-127,-127,-127,-127,-127,-112,-263,-537,-863,-738,-595,-637,-532,-198,-22,-105,-127,-127,-127,-127,-127,-127,-127,-127,-127,-127,-127,-127,-184,-259,-326,-258,-139,-81,-313,-96,-13,-13,109,166,212,85,-101,-127,-127,-127,-127,-127,-127,-127,-127,-153,-336,-481,-463,-366,-65,-36,19,13,-276,-397,-262,-42,14,41,-26,-127,-127,-127,-127,-127,-127,-127,-127,-217,-465,-568,-505,-463,-240,-251,-339,-440,-638,-745,-921,-840,-676,-445,-237,-127,-127,-127,-127,-127,-127,-127,-127,-305,-606,-451,-216,-322,-402,-462,-540,-723,-705,-806,-942,-990,-781,-342,-144,-127,-127,-127,-127,-127,-127,-127,-127,-232,-567,-649,-437,-437,-412,-455,-673,-667,-602,-528,-361,-184,-101,-144,-127,-127,-127,-127,-127,-127,-127,-127,-127,-80,-273,-628,-816,-1000,-953,-687,-474,-386,-282,-161,28,-52,-110,-127,-127,-127,-127,-127,-127,-127,-127,-127,-127,-13,28,-346,-827,-1209,-838,-521,-287,-250,-203,-43,-114,-127,-127,-127,-127,-127,-127,-127,-127,-127,-127,-127,-127,-110,-37,-85,-577,-1044,-677,-171,64,30,-25,-127,-127,-127,-127,-127,-127,-127,-127,-127,-127,-127,-127,-127,-127,-165,-205,-124,-483,-795,-745,-522,-132,58,142,-24,-127,-127,-127,-127,-127,-127,-127,-127,-127,-127,-127,-127,-127,-237,-302,-209,-261,-581,-1307,-1286,-784,-373,-11,-2,-110,-127,-127,-127,-127,-127,-127,-127,-127,-127,-127,-127,-193,-336,-367,-395,-151,-210,-824,-1122,-1020,-787,-205,-85,-127,-127,-127,-127,-127,-127,-127,-127,-127,-127,-127,-127,-294,-385,-325,-389,-107,-50,-115,-515,-795,-708,-372,-127,-110,-127,-127,-127,-127,-127,-127,-127,-127,-127,-127,-187,-367,-422,-394,-270,-179,-304,-218,-295,-523,-568,-563,-328,-161,-127,-127,-127,-127,-127,-127,-127,-127,-127,-127,-363,-479,-331,-301,-254,-486,-579,-368,-260,-424,-608,-592,-258,-127,-127,-127,-127,-127,-127,-127,-127,-127,-127,-127,-454,-559,-438,-455,-491,-568,-521,-443,-342,-423,-415,-341,-133,-127,-127,-127,-127,-127,-127,-127,-127,-127,-127,-127,-369,-647,-854,-1014,-1080,-936,-680,-538,-538,-527,-374,-150,-127,-127,-127,-127,-127,-127,-127,-127,-127,-127,-127,-127,-102,-253,-687,-1255,-1641,-1409,-1019,-717,-459,-237,-138,-127,-127,-127,-127,-127,-127,-127,-127,-127,-127,-127,-127,-127,24,127,34,-192,-295,-174,-12,5,-23,-110,-127,-127,-127,-127,-127,-127,-127,-127,-127,-127,-127,-127,-127,-127,24,278,531,633,598,429,176,-43,-127,-127,-127,-127,-127,-127,-127,-127,-127,-127,-127,-127
-17,-17,-17,-17,-17,-17,-17,-17,-17,-17,-17,83,178,137,-139,-171,105,237,56,-17,-17,-17,-17,-17,-17,-17,-17,-17,-17,-17,-17,-17,-17,38,205,177,-3,-83,33,204,350,365,120,-17,-17,-17,-17,-17,-17,-17,-17,-17,-17,-17,-17,-17,-17,119,236,72,-282,-233,120,471,498,378,124,-17,-17,-17,-17,-17,-17,-17,-17,-17,-17,-17,-17,-17,51,237,11,-580,-544,-75,408,506,502,378,124,-17,-17,-17,-17,-17,-17,-17,-17,-17,-17,-17,-17,66,237,30,-629,-621,-156,397,545,719,675,251,-49,110,169,9,-17,-17,-17,-17,-17,-17,-17,-17,9,173,210,-293,-751,-238,457,824,798,617,367,104,4,262,422,136,-17,-17,-17,-17,-17,-17,-17,-17,47,219,-22,-761,-473,490,925,919,483,190,-107,-38,349,597,493,153,-17,-17,-17,-17,-17,-17,-17,-17,97,127,-415,-708,-57,960,1147,553,-93,-339,-157,279,426,627,493,153,-17,-17,-17,-17,-17,-17,-17,-17,-26,-46,-269,-466,120,1120,1136,-93,-463,-77,118,407,536,627,493,153,-17,-17,-17,-17,-17,-17,-17,-17,-81,-277,-227,-13,195,868,503,-238,-56,317,518,588,540,474,307,127,-17,-17,-17,-17,-17,-17,-17,-17,-131,-182,-156,-122,5,258,388,159,497,645,602,499,347,221,54,0,-17,-17,-17,-17,-17,-17,-17,-17,-34,-157,-127,-205,-291,68,484,730,895,726,445,245,94,-4,-17,-17,-17,-17,-17,-17,-17,-17,-17,-17,21,114,-244,-602,-375,417,977,740,1012,756,295,17,-17,-17,-17,-17,-17,-17,-17,-17,-17,-17,-17,-17,121,131,-417,-751,-210,725,921,652,899,738,303,0,-17,-17,-17,-17,-17,-17,-17,-17,-17,-17,-17,49,215,-57,-691,-523,36,716,675,295,660,801,550,17,-17,-17,-17,-17,-17,-17,-17,-17,-17,-17,-17,144,198,-458,-692,-74,497,613,251,-50,546,1032,803,51,-17,-17,-17,-17,-17,-17,-17,-17,-17,-17,43,238,-74,-757,-382,515,940,569,-381,-328,697,1241,906,51,-17,-17,-17,-17,-17,-17,-17,-17,-17,-17,159,171,-513,-651,168,934,969,38,-565,-129,767,1152,809,51,-17,-17,-17,-17,-17,-17,-17,-17,-17,-17,134,16,-515,-379,462,1042,643,-326,-315,383,813,916,598,34,-17,-17,-17,-17,-17,-17,-17,-17,-17,-17,74,-194,-376,-91,465,808,220,-67,310,615,766,663,345,17,-17,-17,-17,-17,-17,-17,-17,-17,-17,-17,-193,-422,-344,-200,229,510,186,109,546,621,652,410,92,-17,-17,-17,-17,-17,-17,-17,-17,-17,-17,-17,-168,-422,-432,-448,-45,279,215,419,569,551,398,156,-11,-17,-17,-17,-17,-17,-17,-17,-17,-17,-17,-17,-168,-271,-270,-270,66,407,397,414,455,314,154,0,-17,-17,-17,-17,-17,-17,-17,-17,-17,-17,-17,-17,-17,-17,-17,-17,134,237,236,236,202,67,-17,-17,-17,-17,-17,-17,-17,-17,-17,-17
221,221,221,221,221,221,221,221,221,221,221,221,221,221,121,126,162,402,294,221,221,221,221,221,221,221,221,221,221,221,221,221,221,221,221,121,71,-105,180,153,451,539,358,221,221,221,221,221,221,221,221,221,221,221,221,221,221,166,54,139,-224,-177,45,570,663,612,362,221,221,221,221,221,221,221,221,221,221,221,221,221,221,85,49,-177,-330,29,532,576,722,435,289,221,221,221,221,221,221,221,221,221,221,221,221,221,153,35,37,-474,-467,219,398,785,822,612,158,188,381,247,221,221,221,221,221,221,221,221,221,138,50,58,-543,-702,118,719,775,590,442,337,78,348,533,374,221,221,221,221,221,221,221,221,195,57,49,-288,-702,-262,864,844,597,205,-121,32,307,654,714,391,221,221,221,221,221,221,221,221,157,23,-75,-577,-732,702,1192,602,-58,-212,38,134,551,855,571,365,221,221,221,221,221,221,221,221,107,-65,-399,-702,-168,972,1215,-7,-232,-157,51,394,708,924,631,264,221,221,221,221,221,221,221,221,178,-317,-585,-531,66,967,671,-2,-363,186,271,430,805,794,618,348,221,221,221,221,221,221,221,221,157,-186,-727,-409,179,620,414,-357,267,385,662,772,695,517,309,238,221,221,221,221,221,221,221,221,107,-251,-440,-399,-17,289,-70,188,811,1008,729,560,345,234,221,221,221,221,221,221,221,221,221,221,204,-106,-512,-599,-644,226,466,623,1268,910,561,255,221,221,221,221,221,221,221,221,221,221,221,221,183,-52,-193,-951,-946,232,849,1009,976,783,524,238,221,221,221,221,221,221,221,221,221,221,221,221,83,-37,-371,-890,-392,597,600,794,535,707,771,255,221,221,221,221,221,221,221,221,221,221,221,155,55,15,-646,-681,328,351,294,402,515,892,904,289,221,221,221,221,221,221,221,221,221,221,221,60,25,-317,-825,22,852,216,-404,-51,687,1386,950,272,221,221,221,221,221,221,221,221,221,221,161,26,-90,-713,-571,893,903,-59,-693,-382,941,1578,828,272,221,221,221,221,221,221,221,221,221,221,45,17,-327,-882,1,1137,706,-373,-614,-11,1150,1373,634,238,221,221,221,221,221,221,221,221,221,221,70,-219,-565,-801,317,1065,259,-240,-277,593,1120,1003,514,255,221,221,221,221,221,221,221,221,221,221,10,-348,-821,-419,622,801,44,-234,382,861,1050,601,324,221,221,221,221,221,221,221,221,221,221,221,45,-360,-511,-54,506,215,-71,216,705,934,638,383,227,221,221,221,221,221,221,221,221,221,221,221,70,-184,-345,-70,196,136,176,599,788,639,409,238,221,221,221,221,221,221,221,221,221,221,221,221,70,-184,-286,-134,154,425,643,693,524,305,221,221,221,221,221,221,221,221,221,221
-15,-15,-15,-15,-15,-15,-15,-15,-15,-15,-15,-115,-210,-269,12,280,434,312,58,-15,-15,-15,-15,-15,-15,-15,-15,-15,-15,-15,-15,-15,-15,-70,-237,-264,-196,234,687,919,676,250,49,-15,-15,-15,-15,-15,-15,-15,-15,-15,-15,-15,-15,-15,-15,-151,-268,-185,210,737,985,938,410,-115,-84,-15,-15,-15,-15,-15,-15,-15,-15,-15,-15,-15,-15,-15,-83,-269,-221,-91,529,894,719,404,31,-75,-79,-15,-15,-15,-15,-15,-15,-15,-15,-15,-15,-15,-15,-98,-269,-255,-222,333,1079,1004,653,159,-135,-37,147,324,197,11,-15,-15,-15,-15,-15,-15,-15,-15,-41,-205,-268,-228,154,1226,1501,604,102,-76,-81,323,770,703,391,112,-15,-15,-15,-15,-15,-15,-15,-15,-79,-251,-350,-160,933,1777,716,-128,-156,38,488,901,1269,720,40,-24,-15,-15,-15,-15,-15,-15,-15,-15,-129,-377,-529,328,1639,1164,-79,-303,172,611,846,1016,777,239,-124,-142,-15,-15,-15,-15,-15,-15,-15,-15,-58,-494,-471,764,1544,647,-47,222,598,936,792,761,489,1,-69,-32,-15,-15,-15,-15,-15,-15,-15,-15,-79,-429,-320,859,1190,476,262,660,1092,901,726,595,338,116,-15,-15,-15,-15,-15,-15,-15,-15,-15,-15,-129,-326,-215,508,916,586,541,1156,1203,701,405,260,73,2,-15,-15,-15,-15,-15,-15,-15,-15,-15,-15,-32,-211,-209,207,501,782,1209,1570,958,253,103,-2,-15,-15,-15,-15,-15,-15,-15,-15,-15,-15,-15,-15,-53,-309,-300,146,773,1140,1570,1316,600,362,88,-15,-15,-15,-15,-15,-15,-15,-15,-15,-15,-15,-15,-15,-153,-373,-287,420,1208,1256,1079,918,583,473,213,2,-15,-15,-15,-15,-15,-15,-15,-15,-15,-15,-15,-81,-247,-287,-136,946,1338,440,362,777,843,577,169,2,-15,-15,-15,-15,-15,-15,-15,-15,-15,-15,-15,-176,-306,-387,283,1506,945,-120,112,889,1243,736,95,2,-15,-15,-15,-15,-15,-15,-15,-15,-15,-15,-75,-270,-426,-175,1191,1647,156,-308,300,1307,1755,663,-114,-32,-15,-15,-15,-15,-15,-15,-15,-15,-15,-15,-191,-335,-421,417,1708,924,-296,-239,727,1788,1581,318,-228,-49,-15,-15,-15,-15,-15,-15,-15,-15,-15,-15,-166,-490,-382,876,1500,441,-89,360,1197,1863,961,-92,-118,-15,-15,-15,-15,-15,-15,-15,-15,-15,-15,-15,-226,-700,-181,1314,1254,483,494,972,1435,1174,310,-131,-21,-15,-15,-15,-15,-15,-15,-15,-15,-15,-15,-15,-191,-360,451,1328,744,108,420,844,963,439,-60,-32,-15,-15,-15,-15,-15,-15,-15,-15,-15,-15,-15,-15,-166,-244,302,540,91,85,553,746,421,80,-9,-15,-15,-15,-15,-15,-15,-15,-15,-15,-15,-15,-15,-15,-166,-118,288,401,358,585,704,487,173,2,-15,-15,-15,-15,-15,-15,-15,-15,-15,-15,-15,-15,-15,-15,-15,136,390,492,491,457,288,69,-15,-15,-15,-15,-15,-15,-15,-15,-15,-15,-15,-15
-111,-111,-111,-111,-111,-111,-111,-111,-111,-111,-111,-111,-111,-211,-306,-265,11,143,-38,-111,-111,-111,-111,-111,-111,-111,-111,-111,-111,-111,-111,-111,-111,-111,-111,-66,-238,-346,-501,-217,183,271,26,-111,-111,-111,-111,-111,-111,-111,-111,-111,-111,-111,-111,-111,-111,-56,56,-175,-504,-543,-400,-69,267,284,30,-111,-111,-111,-111,-111,-111,-111,-111,-111,-111,-111,-111,-111,-111,80,105,-457,-524,13,350,181,326,103,-43,-111,-111,-111,-111,-111,-111,-111,-111,-111,-111,-111,-111,-111,-43,183,-142,-353,-25,388,106,-67,-108,-6,-207,16,75,-85,-111,-111,-111,-111,-111,-111,-111,-111,-111,-28,102,-131,-559,-246,219,146,-56,-100,-231,-503,-306,142,328,42,-111,-111,-111,-111,-111,-111,-111,-111,-85,136,101,-502,-704,-63,333,83,-215,-136,-309,-659,-311,350,399,59,-111,-111,-111,-111,-111,-111,-111,-111,-21,308,59,-779,-702,208,472,74,-250,-262,-86,-122,-29,396,239,33,-111,-111,-111,-111,-111,-111,-111,-111,93,416,-8,-1071,-788,470,680,-124,-339,67,377,267,-34,177,247,-68,-111,-111,-111,-111,-111,-111,-111,-111,84,536,50,-1167,-938,404,398,-88,85,463,225,-86,-142,-171,32,16,-111,-111,-111,-111,-111,-111,-111,-111,20,554,299,-959,-1046,162,426,166,404,53,-122,-203,-141,26,-57,-94,-111,-111,-111,-111,-111,-111,-111,-111,-94,326,541,-599,-951,-186,242,275,242,66,-157,-7,-13,-98,-111,-111,-111,-111,-111,-111,-111,-111,-111,-111,-111,169,467,-319,-893,-424,-78,-56,401,241,161,-77,-111,-111,-111,-111,-111,-111,-111,-111,-111,-111,-111,-111,-73,262,161,-378,-309,-341,-729,-368,300,633,209,-94,-111,-111,-111,-111,-111,-111,-111,-111,-111,-111,-111,-111,65,206,-436,-465,329,365,-649,-804,56,611,456,-77,-111,-111,-111,-111,-111,-111,-111,-111,-111,-111,-111,-45,231,-47,-702,-403,758,786,-440,-1259,-220,762,606,-43,-111,-111,-111,-111,-111,-111,-111,-111,-111,-111,-111,116,225,-459,-812,-168,733,788,-428,-1479,-391,934,618,-60,-111,-111,-111,-111,-111,-111,-111,-111,-111,-111,-51,311,-5,-847,-629,233,605,312,-404,-1136,-177,779,462,-60,-111,-111,-111,-111,-111,-111,-111,-111,-111,-111,125,323,-313,-1027,-384,504,417,-50,-356,-245,24,518,268,-94,-111,-111,-111,-111,-111,-111,-111,-111,-111,-111,276,385,-461,-1056,-319,421,219,49,-48,14,57,131,114,-77,-111,-111,-111,-111,-111,-111,-111,-111,-111,-111,367,525,-416,-900,-267,275,267,42,4,-141,107,63,-8,-111,-111,-111,-111,-111,-111,-111,-111,-111,-111,-111,191,397,-175,-559,126,397,119,-77,-166,-36,-12,39,-105,-111,-111,-111,-111,-111,-111,-111,-111,-111,-111,-111,40,294,94,-113,98,107,-263,-298,-192,-52,43,-94,-111,-111,-111,-111,-111,-111,-111,-111,-111,-111,-111,-111,-111,-111,-262,-516,-467,-363,-330,-161,24,-27,-111,-111,-111,-111,-111,-111,-111,-111,-111,-111
-135,-135,-135,-135,-135,-135,-135,-135,-135,-135,-135,-35,60,19,-357,-584,-462,-208,-135,-135,-135,-135,-135,-135,-135,-135,-135,-135,-135,-135,-135,-135,-135,-80,87,159,119,-129,-424,-680,-400,-199,-135,-135,-135,-135,-135,-135,-135,-135,-135,-135,-135,-135,-135,-135,-135,56,395,470,122,64,134,322,306,188,-62,-135,-135,-135,-135,-135,-135,-135,-135,-135,-135,-135,-135,-135,-67,310,614,424,382,762,1129,860,362,57,-71,-135,-135,-135,-135,-135,-135,-135,-135,-135,-135,-135,-135,-52,187,425,309,127,520,798,752,540,207,-258,-470,-347,-161,-135,-135,-135,-135,-135,-135,-135,-135,-135,-109,138,497,390,-260,-65,475,574,272,208,149,-395,-801,-541,-262,-135,-135,-135,-135,-135,-135,-135,-135,-135,-45,400,765,200,-125,250,537,399,258,185,94,-91,-179,15,60,-109,-135,-135,-135,-135,-135,-135,-135,-135,69,634,777,142,151,664,623,468,157,186,540,875,836,507,245,-8,-135,-135,-135,-135,-135,-135,-135,-135,60,700,873,402,311,585,606,163,262,570,953,1152,811,305,-47,-118,-135,-135,-135,-135,-135,-135,-135,-135,-30,438,1154,1017,557,530,333,206,559,899,695,386,77,-105,-135,-135,-135,-135,-135,-135,-135,-135,-135,-135,-182,180,1107,1444,900,580,429,444,743,470,155,-105,-135,-135,-135,-135,-135,-135,-135,-135,-135,-135,-135,-135,-249,-91,875,1505,1183,508,270,451,352,82,-129,-135,-135,-135,-135,-135,-135,-135,-135,-135,-135,-135,-135,-135,-114,51,502,989,1155,948,351,-81,-261,-233,-135,-135,-135,-135,-135,-135,-135,-135,-135,-135,-135,-135,-135,-135,41,372,319,235,1011,1585,1028,-87,-370,-284,-152,-135,-135,-135,-135,-135,-135,-135,-135,-135,-135,-135,-135,-69,273,493,31,-64,948,2043,1609,374,-233,-74,-49,-135,-135,-135,-135,-135,-135,-135,-135,-135,-135,-135,-135,92,554,442,-134,0,618,1476,1667,550,-128,42,59,-118,-135,-135,-135,-135,-135,-135,-135,-135,-135,-135,-75,347,686,85,-89,295,496,805,917,425,87,268,135,-118,-135,-135,-135,-135,-135,-135,-135,-135,-135,-135,101,595,506,-53,250,725,591,348,202,457,524,416,152,-101,-135,-135,-135,-135,-135,-135,-135,-135,-135,-135,252,798,477,266,607,713,456,-16,160,697,740,256,-32,-135,-135,-135,-135,-135,-135,-135,-135,-135,-135,-135,343,853,796,706,693,465,204,347,639,814,374,27,-129,-135,-135,-135,-135,-135,-135,-135,-135,-135,-135,-135,107,596,1010,1188,1176,1074,837,874,850,462,59,-118,-135,-135,-135,-135,-135,-135,-135,-135,-135,-135,-135,-135,-160,167,855,1169,1220,1122,930,683,350,-34,-135,-135,-135,-135,-135,-135,-135,-135,-135,-135,-135,-135,-135,-135,-286,-238,109,194,118,90,-3,-68,-135,-135,-135,-135,-135,-135,-135,-135,-135,-135,-135,-135,-135,-135,-135,-135,-286,-389,-388,-388,-354,-219,-135,-135,-135,-135,-135,-135,-135,-135,-135,-135,-135,-135,-135,-135
142,142,142,142,142,142,142,142,142,142,142,142,42,-53,-112,-31,-53,-112,69,142,142,142,142,142,142,142,142,142,142,142,142,142,142,142,87,-180,-302,-503,-576,-720,-616,-313,5,142,142,142,142,142,142,142,142,142,142,142,142,142,142,87,-216,-515,-791,-1090,-1163,-954,-447,-63,74,142,142,142,142,142,142,142,142,142,142,142,142,142,142,-117,-587,-574,-679,-862,-706,-130,227,198,138,142,142,142,142,142,142,142,142,142,142,142,142,142,-9,-447,-293,-288,-340,200,721,766,381,274,176,-11,-44,116,142,142,142,142,142,142,142,142,142,33,-370,-442,-28,-86,230,760,902,325,3,-277,-466,-476,-323,-11,142,142,142,142,142,142,142,142,116,-195,-559,-280,-105,-145,370,374,53,-392,-899,-1028,-1009,-742,-309,-2,142,142,142,142,142,142,142,142,52,-315,-342,-119,-179,-48,-183,-215,-570,-1024,-1119,-1176,-618,-125,80,125,142,142,142,142,142,142,142,142,-10,-91,-41,-49,-121,-371,-598,-616,-879,-881,-266,199,425,544,455,168,142,142,142,142,142,142,142,142,101,116,186,-85,-339,-715,-909,-645,-530,154,812,1104,940,593,412,269,142,142,142,142,142,142,142,142,303,380,183,-217,-562,-697,-608,-404,278,916,1070,820,496,384,213,159,142,142,142,142,142,142,142,142,273,539,339,-261,-468,-240,-163,128,547,828,553,383,253,155,142,142,142,142,142,142,142,142,142,142,159,246,190,112,-182,-48,-83,151,153,112,242,176,142,142,142,142,142,142,142,142,142,142,142,142,104,-107,37,190,-105,-351,-148,-129,-387,-269,-166,125,142,142,142,142,142,142,142,142,142,142,142,142,-100,-374,164,167,-89,-129,-217,-286,-364,-587,-339,108,142,142,142,142,142,142,142,142,142,142,142,76,-351,-273,33,21,430,359,5,-111,-272,-469,-381,91,142,142,142,142,142,142,142,142,142,142,142,-145,-422,-8,-80,-84,374,481,210,-36,-375,-213,-128,108,142,142,142,142,142,142,142,142,142,142,82,-384,-262,54,-292,-276,-168,243,29,-414,-320,118,261,159,142,142,142,142,142,142,142,142,142,142,-94,-291,-77,-200,-456,-540,-488,-358,-267,-325,32,486,423,159,142,142,142,142,142,142,142,142,142,142,-125,-101,-52,-417,-681,-913,-695,-499,-205,261,603,515,395,176,142,142,142,142,142,142,142,142,142,142,76,203,21,-288,-514,-492,-210,170,522,712,655,402,245,142,142,142,142,142,142,142,142,142,142,142,318,572,402,313,562,840,940,987,909,712,409,298,148,142,142,142,142,142,142,142,142,142,142,142,444,801,961,1139,1358,1411,1227,974,667,406,313,159,142,142,142,142,142,142,142,142,142,142,142,142,293,547,800,902,1018,952,698,479,361,226,142,142,142,142,142,142,142,142,142,142
8,8,8,8,8,8,8,8,8,8,8,8,108,303,457,235,-114,-246,-65,8,8,8,8,8,8,8,8,8,8,8,8,8,8,8,63,185,384,479,526,178,-286,-374,-129,8,8,8,8,8,8,8,8,8,8,8,8,8,8,-47,-23,325,626,528,310,70,-175,-133,-60,8,8,8,8,8,8,8,8,8,8,8,8,8,8,-115,46,605,829,483,255,52,-12,-5,4,8,8,8,8,8,8,8,8,8,8,8,8,8,23,23,556,888,589,313,336,162,178,347,207,-119,-178,-18,8,8,8,8,8,8,8,8,8,-49,-15,417,1154,905,139,42,242,235,434,721,394,-245,-431,-145,8,8,8,8,8,8,8,8,-18,-175,100,999,1328,289,-206,40,332,414,502,636,242,-300,-316,-136,8,8,8,8,8,8,8,8,-82,-214,511,1514,1010,-189,-246,284,526,462,475,383,138,-86,-63,-9,8,8,8,8,8,8,8,8,-170,-260,820,1853,874,-388,-132,515,675,387,489,477,138,12,8,8,8,8,8,8,8,8,8,8,-123,-249,719,1602,930,30,163,666,567,370,401,311,152,8,8,8,8,8,8,8,8,8,8,8,-9,-112,427,1193,959,640,600,534,278,211,240,79,25,8,8,8,8,8,8,8,8,8,8,8,8,-56,267,927,1152,1297,973,236,-188,35,21,8,8,8,8,8,8,8,8,8,8,8,8,8,8,-127,292,1067,1157,1394,1096,259,-362,-316,-95,8,8,8,8,8,8,8,8,8,8,8,8,8,-30,-122,535,1148,702,734,1111,762,-80,-473,-306,-9,8,8,8,8,8,8,8,8,8,8,8,8,-102,8,991,1153,121,181,913,1302,397,-464,-456,-26,8,8,8,8,8,8,8,8,8,8,8,-58,-135,494,1336,740,-210,114,940,1553,632,-430,-498,-43,8,8,8,8,8,8,8,8,8,8,8,-159,65,1130,1329,71,-387,327,1175,1570,317,-448,-348,-26,8,8,8,8,8,8,8,8,8,8,-52,-172,520,1502,808,-274,-212,610,1319,1156,-60,-368,-101,8,8,8,8,8,8,8,8,8,8,8,-228,-114,1105,1675,436,-227,197,782,1134,566,-247,-165,2,8,8,8,8,8,8,8,8,8,8,8,-319,38,1430,1517,358,55,403,755,625,212,-123,-9,8,8,8,8,8,8,8,8,8,8,8,8,-294,38,913,779,252,440,694,738,387,50,8,8,8,8,8,8,8,8,8,8,8,8,8,8,-143,232,668,496,495,763,795,507,181,14,8,8,8,8,8,8,8,8,8,8,8,8,8,8,8,310,516,422,439,480,339,179,25,8,8,8,8,8,8,8,8,8,8,8,8,8,8,8,8,159,262,261,261,227,92,8,8,8,8,8,8,8,8,8,8,8,8,8
88,88,88,88,88,88,88,88,88,88,88,188,383,637,710,710,610,415,161,88,88,88,88,88,88,88,88,88,88,88,88,88,88,143,365,614,950,1173,1341,1033,770,353,152,88,88,88,88,88,88,88,88,88,88,88,88,88,88,224,532,924,1094,1261,948,423,-128,-158,19,88,88,88,88,88,88,88,88,88,88,88,88,88,156,410,697,727,685,316,-154,-487,-517,-173,24,88,88,88,88,88,88,88,88,88,88,88,88,171,425,623,642,580,267,-510,-931,-368,211,385,462,453,300,114,88,88,88,88,88,88,88,88,114,304,640,793,635,388,-151,-595,-134,488,1033,1215,1093,907,494,215,88,88,88,88,88,88,88,88,152,414,720,623,536,127,-334,86,843,1177,1407,1341,868,315,91,79,88,88,88,88,88,88,88,88,202,436,597,610,332,112,192,857,1181,1165,880,426,-145,-520,-301,-39,88,88,88,88,88,88,88,88,79,254,501,500,436,590,960,1034,988,509,-357,-780,-656,-461,-127,71,88,88,88,88,88,88,88,88,24,-67,256,525,537,909,1076,867,197,-556,-931,-774,-388,4,71,88,88,88,88,88,88,88,88,88,-26,-124,133,605,719,552,626,115,-510,-877,-602,-128,58,88,88,88,88,88,88,88,88,88,88,88,71,-166,5,626,788,565,138,-70,-491,-343,35,88,88,88,88,88,88,88,88,88,88,88,88,88,126,240,123,378,702,636,314,167,329,425,191,88,88,88,88,88,88,88,88,88,88,88,88,88,226,412,433,255,422,444,242,374,642,593,316,105,88,88,88,88,88,88,88,88,88,88,88,154,386,588,462,217,-62,-130,350,391,350,474,272,105,88,88,88,88,88,88,88,88,88,88,88,249,530,592,542,280,-437,-395,567,616,349,314,164,105,88,88,88,88,88,88,88,88,88,88,148,403,633,572,494,261,-237,42,546,804,433,-19,-62,71,88,88,88,88,88,88,88,88,88,88,264,512,614,593,489,280,313,605,663,699,111,-406,-210,54,88,88,88,88,88,88,88,88,88,88,239,508,589,710,736,640,957,1012,593,48,-346,-499,-49,88,88,88,88,88,88,88,88,88,88,88,179,389,632,822,886,961,973,564,-122,-645,-583,-177,82,88,88,88,88,88,88,88,88,88,88,88,-88,-75,14,-64,-178,-165,-250,-648,-825,-677,-256,65,88,88,88,88,88,88,88,88,88,88,88,88,-63,-342,-327,-465,-846,-941,-1004,-898,-618,-173,71,88,88,88,88,88,88,88,88,88,88,88,88,88,-63,-317,-419,-477,-563,-502,-412,-302,-13,88,88,88,88,88,88,88,88,88,88,88,88,88,88,88,88,-63,-166,-165,-165,-131,4,88,88,88,88,88,88,88,88,88,88,88,88,88
-8,-8,-8,-8,-8,-8,-8,-8,-8,-8,-8,92,187,246,65,-8,-8,-8,-8,-8,-8,-8,-8,-8,-8,-8,-8,-8,-8,-8,-8,-8,-8,47,214,341,523,669,678,514,319,65,-8,-8,-8,-8,-8,-8,-8,-8,-8,-8,-8,-8,-8,-8,-8,183,522,743,942,1135,1222,1042,706,383,65,-8,-8,-8,-8,-8,-8,-8,-8,-8,-8,-8,-8,-8,60,382,587,796,1025,1079,1084,874,632,442,129,-8,-8,-8,-8,-8,-8,-8,-8,-8,-8,-8,-8,75,314,444,379,518,493,336,428,651,519,163,60,-8,-8,-8,-8,-8,-8,-8,-8,-8,-8,-8,18,265,582,509,306,208,90,275,419,585,685,510,361,204,18,-8,-8,-8,-8,-8,-8,-8,-8,-8,82,444,686,526,535,405,461,690,678,791,1034,1187,1003,737,331,18,-8,-8,-8,-8,-8,-8,-8,-8,170,488,556,464,654,908,1025,945,871,1040,1161,1337,1144,866,575,145,-8,-8,-8,-8,-8,-8,-8,-8,97,375,483,576,960,1291,1171,936,1015,853,641,686,738,558,333,136,-8,-8,-8,-8,-8,-8,-8,-8,-81,-14,455,1002,1462,1636,1191,795,661,376,211,201,242,230,63,9,-8,-8,-8,-8,-8,-8,-8,-8,-186,-349,217,1129,1724,1718,1207,524,265,213,186,166,86,5,-8,-8,-8,-8,-8,-8,-8,-8,-8,-8,-139,-410,0,930,1471,1350,986,491,268,318,188,26,-8,-8,-8,-8,-8,-8,-8,-8,-8,-8,-8,-8,13,-34,-147,440,1159,1349,1187,811,497,187,-2,-8,-8,-8,-8,-8,-8,-8,-8,-8,-8,-8,-8,-8,168,309,-15,121,801,1541,1811,1445,883,179,-8,-8,-8,-8,-8,-8,-8,-8,-8,-8,-8,-8,-8,58,362,380,139,133,379,1309,1914,1647,1328,647,112,-8,-8,-8,-8,-8,-8,-8,-8,-8,-8,-8,-8,219,505,350,355,222,59,696,1279,1368,1415,988,340,9,-8,-8,-8,-8,-8,-8,-8,-8,-8,-8,52,408,503,271,473,542,416,323,538,1086,1267,1055,507,26,-8,-8,-8,-8,-8,-8,-8,-8,-8,-8,228,495,378,410,726,989,905,397,342,978,1033,888,532,43,-8,-8,-8,-8,-8,-8,-8,-8,-8,-8,319,509,420,757,1068,1295,1149,610,454,775,862,608,348,26,-8,-8,-8,-8,-8,-8,-8,-8,-8,-8,234,411,620,1160,1563,1563,1126,676,569,606,635,408,101,-8,-8,-8,-8,-8,-8,-8,-8,-8,-8,-8,-93,-21,520,1240,1777,1594,892,502,515,561,424,165,-2,-8,-8,-8,-8,-8,-8,-8,-8,-8,-8,-8,-335,-541,-91,377,665,627,310,309,386,317,163,9,-8,-8,-8,-8,-8,-8,-8,-8,-8,-8,-8,-8,-310,-667,-676,-600,-507,-338,-173,57,194,76,-8,-8,-8,-8,-8,-8,-8,-8,-8,-8,-8,-8,-8,-8,-159,-413,-515,-514,-480,-311,-92,-8,-8,-8,-8,-8,-8,-8,-8,-8,-8,-8,-8,-8
105,105,105,105,105,105,105,105,105,105,105,105,105,105,5,-190,-344,-222,32,105,105,105,105,105,105,105,105,105,105,105,105,105,105,105,105,105,150,23,-212,-602,-708,-414,-32,105,105,105,105,105,105,105,105,105,105,105,105,105,105,105,160,327,163,-325,-816,-924,-809,-431,-36,105,105,105,105,105,105,105,105,105,105,105,105,105,105,105,241,290,-83,-683,-841,-924,-809,-431,-36,105,105,105,105,105,105,105,105,105,105,105,105,105,105,173,331,73,-585,-915,-980,-837,-614,-190,-129,-234,-107,79,105,105,105,105,105,105,105,105,105,105,188,333,127,-490,-993,-1126,-773,-440,-77,-102,-485,-740,-487,-48,105,105,105,105,105,105,105,105,105,131,295,336,-122,-1038,-1360,-856,-189,29,-172,-465,-858,-1036,-575,-65,105,105,105,105,105,105,105,105,105,169,424,365,-676,-1602,-1318,-226,86,-265,-515,-796,-1066,-1049,-575,-65,105,105,105,105,105,105,105,105,105,245,548,297,-985,-1896,-964,-68,-245,-684,-864,-834,-969,-896,-389,-39,105,105,105,105,105,105,105,105,105,186,566,348,-980,-1659,-983,-341,-725,-931,-911,-897,-733,-457,-110,88,105,105,105,105,105,105,105,105,105,219,448,323,-681,-1413,-1015,-907,-1001,-1067,-860,-521,-244,21,88,105,105,105,105,105,105,105,105,105,105,122,435,474,-312,-1166,-1489,-1470,-1482,-885,-366,-40,92,105,105,105,105,105,105,105,105,105,105,105,105,105,280,537,-151,-1055,-1530,-1919,-1630,-726,-38,105,105,105,105,105,105,105,105,105,105,105,105,105,105,143,431,344,-435,-1065,-1268,-1570,-1550,-797,-226,88,105,105,105,105,105,105,105,105,105,105,105,105,105,243,377,-66,-855,-916,-699,-1011,-1432,-1292,-496,71,105,105,105,105,105,105,105,105,105,105,105,105,171,375,248,-601,-1207,-781,-45,-515,-1541,-1719,-783,37,105,105,105,105,105,105,105,105,105,105,105,105,266,436,-105,-1176,-1420,-348,316,-342,-1682,-1831,-783,37,105,105,105,105,105,105,105,105,105,105,105,165,426,308,-718,-1521,-1093,-40,171,-670,-1706,-1637,-578,54,105,105,105,105,105,105,105,105,105,105,105,281,520,44,-1171,-1631,-780,-196,-407,-1020,-1577,-1190,-308,71,105,105,105,105,105,105,105,105,105,105,105,316,614,-65,-1433,-1606,-804,-509,-848,-1213,-1244,-684,-38,105,105,105,105,105,105,105,105,105,105,105,105,432,613,-107,-1115,-1018,-514,-690,-963,-1126,-737,-177,99,105,105,105,105,105,105,105,105,105,105,105,105,256,359,-212,-781,-637,-515,-741,-918,-641,-239,82,105,105,105,105,105,105,105,105,105,105,105,105,105,256,359,56,-301,-344,-495,-620,-445,-150,88,105,105,105,105,105,105,105,105,105,105,105,105,105,105,105,105,-46,-149,-148,-148,-114,21,105,105,105,105,105,105,105,105,105,105,105
-31,-31,-31,-31,-31,-31,-31,-31,-31,-31,-31,-31,69,164,223,42,-31,-31,-31,-31,-31,-31,-31,-31,-31,-31,-31,-31,-31,-31,-31,-31,-31,-31,24,291,513,654,324,11,-90,150,42,-31,-31,-31,-31,-31,-31,-31,-31,-31,-31,-31,-31,-31,-31,24,382,793,919,703,474,23,-118,-221,-40,-31,-31,-31,-31,-31,-31,-31,-31,-31,-31,-31,-31,-31,-31,228,889,1169,939,711,311,-2,-192,-150,-91,-31,-31,-31,-31,-31,-31,-31,-31,-31,-31,-31,-31,-31,120,736,1225,1114,889,850,290,-284,-220,69,-9,-31,-31,-31,-31,-31,-31,-31,-31,-31,-31,-31,-31,78,564,1174,1260,911,726,143,-103,147,433,357,-18,-64,129,-5,-31,-31,-31,-31,-31,-31,-31,-31,-5,332,1053,1421,902,465,51,13,327,750,920,541,66,-184,-91,70,-31,-31,-31,-31,-31,-31,-31,-31,59,682,1516,1407,479,-54,68,470,992,1024,1026,544,-26,-130,-230,-141,-31,-31,-31,-31,-31,-31,-31,-31,173,952,1833,1289,124,2,624,1136,980,1134,991,499,-169,-429,-128,-48,-31,-31,-31,-31,-31,-31,-31,-31,190,1094,1840,1278,137,362,1124,1144,1030,853,594,50,-251,-297,-158,-31,-31,-31,-31,-31,-31,-31,-31,-31,164,968,1755,1386,686,700,1008,1010,722,344,-173,-230,-239,-102,-48,-31,-31,-31,-31,-31,-31,-31,-31,-31,100,773,1640,1614,1136,1154,913,448,89,-345,-252,-142,-44,-31,-31,-31,-31,-31,-31,-31,-31,-31,-31,-31,-14,529,1682,1974,1539,1121,581,-108,-288,-160,-65,-31,-31,-31,-31,-31,-31,-31,-31,-31,-31,-31,-31,-31,7,646,1625,1800,1563,1329,395,-327,-448,26,72,-31,-31,-31,-31,-31,-31,-31,-31,-31,-31,-31,-31,-31,211,1041,1500,1213,1245,1198,757,48,-344,-234,60,-14,-31,-31,-31,-31,-31,-31,-31,-31,-31,-31,-31,35,604,1338,1175,685,945,1281,1309,516,-413,-284,-6,-31,-31,-31,-31,-31,-31,-31,-31,-31,-31,-31,-31,256,1112,1539,761,167,483,1568,1898,592,-394,-387,-65,-14,-31,-31,-31,-31,-31,-31,-31,-31,-31,-31,29,687,1535,1293,359,-9,564,1658,1881,514,-330,-344,-198,-65,-31,-31,-31,-31,-31,-31,-31,-31,-31,-31,205,1092,1724,969,320,350,877,1610,1394,511,-399,-388,-145,-31,-31,-31,-31,-31,-31,-31,-31,-31,-31,-31,356,1431,1841,1044,428,695,1221,1335,903,90,-340,-423,-71,-31,-31,-31,-31,-31,-31,-31,-31,-31,-31,-31,507,1524,1680,905,499,733,1115,921,317,-339,-456,-151,-31,-31,-31,-31,-31,-31,-31,-31,-31,-31,-31,-31,447,1209,1218,733,603,796,677,190,-308,-353,-187,-37,-31,-31,-31,-31,-31,-31,-31,-31,-31,-31,-31,-31,271,779,891,663,618,611,293,-96,-261,-202,-48,-31,-31,-31,-31,-31,-31,-31,-31,-31,-31,-31,-31,-31,120,374,476,324,187,19,-200,-250,-115,-31,-31,-31,-31,-31,-31,-31,-31,-31,-31,-31
6,6,6,6,6,6,6,6,6,6,6,-94,-289,-543,-616,-616,-516,-321,-67,6,6,6,6,6,6,6,6,6,6,6,6,6,6,-49,-271,-520,-756,-984,-1088,-925,-495,-186,-58,6,6,6,6,6,6,6,6,6,6,6,6,6,6,-130,-383,-563,-723,-704,-740,-452,-163,-11,2,6,6,6,6,6,6,6,6,6,6,6,6,6,-62,-261,-245,-367,-397,-314,72,53,2,6,6,6,6,6,6,6,6,6,6,6,6,6,6,-77,-331,-380,-276,-323,-247,157,320,158,-273,-372,-372,-359,-206,-20,6,6,6,6,6,6,6,6,-20,-210,-395,-410,-548,-419,82,119,-44,-414,-748,-1079,-1006,-653,-374,-121,6,6,6,6,6,6,6,6,-58,-211,-276,-441,-503,-282,-106,-191,-568,-834,-957,-1041,-813,-434,-82,-11,6,6,6,6,6,6,6,6,-82,-171,-249,-385,-512,-402,-505,-616,-799,-802,-446,-258,-163,-24,6,6,6,6,6,6,6,6,6,6,53,26,-204,-511,-552,-805,-856,-720,-549,-295,-5,382,319,32,6,6,6,6,6,6,6,6,6,6,120,233,68,-416,-802,-796,-847,-557,-272,148,418,330,276,133,6,6,6,6,6,6,6,6,6,6,23,240,226,-189,-683,-781,-536,-356,169,366,272,231,77,23,6,6,6,6,6,6,6,6,6,6,6,28,279,89,-558,-793,-731,-167,-39,155,117,19,6,6,6,6,6,6,6,6,6,6,6,6,-32,-148,-69,89,-327,-920,-794,-551,-393,-308,-97,6,6,6,6,6,6,6,6,6,6,6,6,6,-132,-300,-153,-92,-35,-333,-704,-702,-737,-475,-222,-11,6,6,6,6,6,6,6,6,6,6,6,-60,-254,-220,-338,-232,250,289,-332,-812,-775,-534,-264,-11,6,6,6,6,6,6,6,6,6,6,6,-155,-270,-262,-429,-375,82,321,48,-702,-901,-551,-281,-28,6,6,6,6,6,6,6,6,6,6,-54,-243,-284,-390,-465,-315,-302,-18,-29,-455,-738,-385,-97,6,6,6,6,6,6,6,6,6,6,6,-170,-263,-238,-463,-553,-428,-501,-530,-334,-351,-275,-139,0,6,6,6,6,6,6,6,6,6,6,6,-85,-144,-368,-673,-753,-890,-851,-729,-523,-79,99,6,6,6,6,6,6,6,6,6,6,6,6,6,31,-85,-475,-769,-918,-919,-742,-387,-94,261,259,40,6,6,6,6,6,6,6,6,6,6,6,6,157,436,330,258,235,114,195,253,416,266,109,6,6,6,6,6,6,6,6,6,6,6,6,6,157,411,689,674,476,365,367,414,267,162,12,6,6,6,6,6,6,6,6,6,6,6,6,6,6,157,411,513,420,403,343,253,177,23,6,6,6,6,6,6,6,6,6,6,6,6,6,6,6,6,157,260,259,259,225,90,6,6,6,6,6,6,6,6,6,6,6,6
-6,-6,-6,-6,-6,-6,-6,-6,-6,-6,-6,94,189,348,262,148,-128,-260,-79,-6,-6,-6,-6,-6,-6,-6,-6,-6,-6,-6,-6,-6,-6,49,216,198,257,162,294,222,-46,-315,-143,-6,-6,-6,-6,-6,-6,-6,-6,-6,-6,-6,-6,-6,-6,75,25,161,376,484,327,346,193,-10,-74,-6,-6,-6,-6,-6,-6,-6,-6,-6,-6,-6,-6,-6,62,112,-40,127,460,399,506,475,188,49,-10,-6,-6,-6,-6,-6,-6,-6,-6,-6,-6,-6,-6,77,180,-47,-57,347,552,613,803,590,152,-77,94,-133,-192,-32,-6,-6,-6,-6,-6,-6,-6,-6,20,101,19,64,428,788,713,603,413,156,99,280,316,-73,-419,-159,-6,-6,-6,-6,-6,-6,-6,-6,32,40,-27,157,947,1019,620,225,59,107,136,348,460,125,-177,-150,-6,-6,-6,-6,-6,-6,-6,-6,44,-72,-106,729,1475,880,-32,-47,75,135,257,559,618,250,67,-23,-6,-6,-6,-6,-6,-6,-6,-6,-129,-224,139,1399,1804,249,-520,-81,325,304,490,799,644,69,-175,-32,-6,-6,-6,-6,-6,-6,-6,-6,-87,-351,194,1522,1751,304,-568,104,521,596,786,692,265,-115,-259,-133,-6,-6,-6,-6,-6,-6,-6,-6,-120,-180,258,1130,1301,282,54,504,745,753,454,49,-171,-214,-77,-23,-6,-6,-6,-6,-6,-6,-6,-6,-23,-137,112,808,1094,770,786,903,381,74,-135,-221,-117,-19,-6,-6,-6,-6,-6,-6,-6,-6,-6,-6,32,57,-44,602,1146,1091,1328,940,-253,-550,-312,-40,-6,-6,-6,-6,-6,-6,-6,-6,-6,-6,-6,-6,94,-79,-86,656,1049,985,1318,899,-25,-574,-326,-23,-6,-6,-6,-6,-6,-6,-6,-6,-6,-6,-6,60,88,-129,217,902,712,508,786,987,636,-169,-453,-40,-6,-6,-6,-6,-6,-6,-6,-6,-6,-6,-6,89,-23,-70,624,1022,463,168,563,1052,906,-59,-478,-57,-6,-6,-6,-6,-6,-6,-6,-6,-6,-6,54,88,-130,182,1181,997,86,-78,543,1259,801,-184,-414,-40,-6,-6,-6,-6,-6,-6,-6,-6,-6,-6,110,-73,-136,801,1431,684,-199,-153,608,1411,681,-245,-292,-23,-6,-6,-6,-6,-6,-6,-6,-6,-6,-6,-31,-167,282,1529,1390,151,-257,-32,745,1160,574,-272,-265,-23,-6,-6,-6,-6,-6,-6,-6,-6,-6,-6,-66,-261,578,1827,1192,-142,-312,332,939,1011,278,-236,-259,-40,-6,-6,-6,-6,-6,-6,-6,-6,-6,-6,-333,-454,461,1245,652,31,377,949,1023,541,-134,-260,-109,-6,-6,-6,-6,-6,-6,-6,-6,-6,-6,-6,-157,-84,565,802,328,313,826,986,535,-64,-244,-162,-12,-6,-6,-6,-6,-6,-6,-6,-6,-6,-6,-6,-157,-109,297,410,216,340,552,318,-71,-236,-177,-23,-6,-6,-6,-6,-6,-6,-6,-6,-6,-6,-6,-6,-6,145,399,501,349,212,44,-175,-225,-90,-6,-6,-6,-6,-6,-6,-6,-6,-6,-6
-22,-22,-22,-22,-22,-22,-22,-22,-22,-22,-22,-22,-22,-22,-22,-22,-22,-22,-22,-22,-22,-22,-22,-22,-22,-22,-22,-22,-22,-22,-22,-22,-22,-22,-22,-122,-117,-81,259,246,232,51,-22,-22,-22,-22,-22,-22,-22,-22,-22,-22,-22,-22,-22,-22,-22,-77,-189,-149,-249,-141,64,500,555,369,51,-22,-22,-22,-22,-22,-22,-22,-22,-22,-22,-22,-22,-22,-22,-213,-416,-565,-474,-330,-131,-31,28,101,42,-22,-22,-22,-22,-22,-22,-22,-22,-22,-22,-22,-22,-22,-90,-399,-585,-720,-499,-164,-252,-336,-367,-142,-18,-22,-22,-22,-22,-22,-22,-22,-22,-22,-22,-22,-22,-105,-261,-356,-326,-229,-49,-290,-386,-490,-200,83,157,164,4,-22,-22,-22,-22,-22,-22,-22,-22,-22,-48,-269,-490,-486,-36,307,69,-347,-356,-336,-268,94,498,570,317,4,-22,-22,-22,-22,-22,-22,-22,-22,-112,-493,-708,-361,-59,126,-236,-258,-335,-449,-366,-174,174,343,349,105,-22,-22,-22,-22,-22,-22,-22,-22,-226,-594,-590,-296,-147,-233,-321,-480,-472,-380,-285,-305,-334,-292,-87,-5,-22,-22,-22,-22,-22,-22,-22,-22,-191,-707,-721,-319,-166,-162,-461,-446,-306,-111,-176,-315,-464,-350,-166,-22,-22,-22,-22,-22,-22,-22,-22,-22,-89,-485,-981,-955,-637,-268,-28,-211,-7,-96,-320,-348,-260,-93,-39,-22,-22,-22,-22,-22,-22,-22,-22,-22,75,-206,-842,-1251,-1254,-388,70,214,-178,-303,-278,-133,-35,-22,-22,-22,-22,-22,-22,-22,-22,-22,-22,-22,-5,-77,-611,-1052,-1192,-420,211,120,-177,-226,-56,-22,-22,-22,-22,-22,-22,-22,-22,-22,-22,-22,-22,-22,-60,-305,-387,-790,-1003,-636,-53,382,360,154,-22,-22,-22,-22,-22,-22,-22,-22,-22,-22,-22,-22,-22,-22,-198,-376,-301,-408,-778,-1211,-856,81,663,537,98,-22,-22,-22,-22,-22,-22,-22,-22,-22,-22,-22,-22,-88,-364,-504,-336,-25,-313,-1270,-1402,-650,222,592,223,-5,-22,-22,-22,-22,-22,-22,-22,-22,-22,-22,-22,-249,-512,-399,-169,147,-184,-717,-1184,-812,-178,406,265,-5,-22,-22,-22,-22,-22,-22,-22,-22,-22,-22,-82,-444,-548,-281,-76,4,-285,-439,-656,-556,-211,106,231,12,-22,-22,-22,-22,-22,-22,-22,-22,-22,-22,-258,-510,-485,-286,-91,-244,-419,-455,-289,-235,-151,-199,30,-22,-22,-22,-22,-22,-22,-22,-22,-22,-22,-22,-409,-709,-525,-250,-172,-409,-443,-204,3,-67,-215,-216,-50,-22,-22,-22,-22,-22,-22,-22,-22,-22,-22,-22,-440,-705,-732,-644,-478,-302,-127,-57,-65,-264,-250,-114,-22,-22,-22,-22,-22,-22,-22,-22,-22,-22,-22,-22,-148,-578,-1022,-1275,-1075,-493,-227,-196,-385,-370,-195,-28,-22,-22,-22,-22,-22,-22,-22,-22,-22,-22,-22,-22,-22,-173,-519,-906,-1002,-745,-585,-561,-353,-193,-39,-22,-22,-22,-22,-22,-22,-22,-22,-22,-22,-22,-22,-22,129,232,231,80,-57,-191,-275,-241,-106,-22,-22,-22,-22,-22,-22,-22,-22,-22,-22,-22
24,24,24,24,24,24,24,24,24,24,24,124,319,473,251,-198,-425,-303,-49,24,24,24,24,24,24,24,24,24,24,24,24,24,24,79,301,395,159,-438,-877,-1019,-862,-495,-113,24,24,24,24,24,24,24,24,24,24,24,24,24,24,105,136,-124,-856,-1703,-1858,-1289,-578,-185,-44,24,24,24,24,24,24,24,24,24,24,24,24,24,92,155,-237,-1120,-1889,-1963,-1224,-511,-145,7,20,24,24,24,24,24,24,24,24,24,24,24,24,107,293,-50,-958,-1562,-1408,-584,131,428,613,296,-116,-315,-188,-2,24,24,24,24,24,24,24,24,50,157,62,-556,-1045,-1113,-498,387,747,604,200,-209,-673,-847,-568,-129,24,24,24,24,24,24,24,24,62,25,-404,-1057,-1064,-692,60,565,450,-292,-1235,-1688,-1475,-931,-444,-120,24,24,24,24,24,24,24,24,48,-208,-728,-864,-785,-483,221,94,-860,-1925,-2289,-1794,-1046,-429,-64,7,24,24,24,24,24,24,24,24,-163,-508,-450,-287,-447,-450,-522,-1271,-2051,-2072,-1281,-577,-9,180,50,24,24,24,24,24,24,24,24,24,-145,-515,-423,-85,-224,-899,-1813,-2077,-1617,-794,198,533,404,277,151,24,24,24,24,24,24,24,24,24,-43,-156,-178,-382,-783,-1664,-2130,-1443,-462,411,568,365,266,95,41,24,24,24,24,24,24,24,24,24,121,56,-192,-520,-1004,-1317,-1276,-668,24,317,265,135,37,24,24,24,24,24,24,24,24,24,24,24,79,245,-30,-766,-1127,-754,-414,-447,-519,-200,-45,24,24,24,24,24,24,24,24,24,24,24,24,24,124,56,-304,-922,-1377,-809,-377,-487,-789,-782,-307,7,24,24,24,24,24,24,24,24,24,24,24,90,146,-225,-651,-1008,-1184,-837,-531,-543,-1003,-963,-474,-10,24,24,24,24,24,24,24,24,24,24,24,119,-36,-618,-828,-827,-538,-254,-435,-601,-1028,-1022,-533,-27,24,24,24,24,24,24,24,24,24,24,84,112,-326,-763,-857,-687,81,201,-589,-1034,-1163,-787,-366,-10,24,24,24,24,24,24,24,24,24,24,140,-88,-679,-830,-815,-349,143,-423,-1248,-1296,-1004,-318,-68,24,24,24,24,24,24,24,24,24,24,24,-61,-411,-541,-473,-568,-416,-829,-1510,-1574,-1111,-403,98,35,24,24,24,24,24,24,24,24,24,24,24,-212,-500,-331,-382,-875,-1463,-2064,-1838,-970,-256,117,260,58,24,24,24,24,24,24,24,24,24,24,24,-394,-725,-811,-1235,-1557,-1677,-1376,-615,-46,280,278,127,24,24,24,24,24,24,24,24,24,24,24,24,-102,-205,-468,-643,-564,-355,53,437,423,274,180,30,24,24,24,24,24,24,24,24,24,24,24,24,24,175,186,261,490,601,620,465,288,195,41,24,24,24,24,24,24,24,24,24,24,24,24,24,175,429,531,681,750,580,361,243,108,24,24,24,24,24,24,24,24,24,24,24
-213,-213,-213,-213,-213,-213,-213,-213,-213,-213,-213,-213,-213,-213,-113,82,236,114,-140,-213,-213,-213,-213,-213,-213,-213,-213,-213,-213,-213,-213,-213,-213,-213,-213,-213,-158,-36,163,213,332,52,-149,-213,-213,-213,-213,-213,-213,-213,-213,-213,-213,-213,-213,-213,-213,-213,-213,-368,-439,-5,500,557,84,-313,-282,-213,-213,-213,-213,-213,-213,-213,-213,-213,-213,-213,-213,-213,-213,-268,-435,-475,133,703,541,63,-248,-273,-277,-213,-213,-213,-213,-213,-213,-213,-213,-213,-213,-213,-213,-213,-213,-349,-396,71,979,970,433,154,-16,45,22,126,-1,-187,-213,-213,-213,-213,-213,-213,-213,-213,-213,-213,-281,-524,-60,1138,1376,443,248,219,180,74,264,453,193,-86,-213,-213,-213,-213,-213,-213,-213,-213,-213,-296,-493,-347,751,1264,537,51,139,-62,30,387,595,268,-158,-222,-213,-213,-213,-213,-213,-213,-213,-213,-239,-403,-421,149,1104,996,44,-147,-152,37,468,553,404,-19,-322,-340,-213,-213,-213,-213,-213,-213,-213,-213,-277,-423,-200,555,1061,657,-2,-178,194,650,839,718,195,-171,-81,-204,-213,-213,-213,-213,-213,-213,-213,-213,-327,-376,176,599,510,280,113,497,955,957,584,366,279,154,40,-86,-213,-213,-213,-213,-213,-213,-213,-213,-230,-260,103,441,295,286,550,1013,1113,410,266,303,128,29,-142,-196,-213,-213,-213,-213,-213,-213,-213,-213,-213,-172,126,185,208,782,1220,1351,625,236,158,28,-102,-200,-213,-213,-213,-213,-213,-213,-213,-213,-213,-213,-213,-301,-127,323,666,1290,1180,880,566,418,93,-179,-213,-213,-213,-213,-213,-213,-213,-213,-213,-213,-213,-213,-213,-298,-290,162,1057,1265,710,496,423,465,21,-196,-213,-213,-213,-213,-213,-213,-213,-213,-213,-213,-213,-213,-251,-434,-226,678,1204,673,301,368,434,350,-29,-196,-213,-213,-213,-213,-213,-213,-213,-213,-213,-213,-213,-213,-351,-494,157,1156,898,295,443,525,706,583,-103,-196,-213,-213,-213,-213,-213,-213,-213,-213,-213,-213,-213,-279,-445,-221,807,1197,306,174,445,950,1128,625,-209,-230,-213,-213,-213,-213,-213,-213,-213,-213,-213,-213,-213,-374,-460,220,1219,827,-192,-7,555,1325,1140,356,-215,-230,-213,-213,-213,-213,-213,-213,-213,-213,-213,-213,-273,-468,-309,726,1235,363,-182,221,1067,1490,579,-71,-63,-196,-213,-213,-213,-213,-213,-213,-213,-213,-213,-213,-389,-407,155,864,654,121,360,885,1148,797,123,-76,34,-179,-213,-213,-213,-213,-213,-213,-213,-213,-213,-213,-364,-231,195,446,88,-6,434,795,700,161,-10,24,-110,-213,-213,-213,-213,-213,-213,-213,-213,-213,-213,-213,-364,-140,369,427,373,598,677,511,183,102,37,-57,-207,-213,-213,-213,-213,-213,-213,-213,-213,-213,-213,-213,-213,89,446,455,530,691,532,383,228,51,-42,-196,-213,-213,-213,-213,-213,-213,-213,-213,-213,-213,-213,-213,-213,-62,192,294,444,513,343,124,6,-129,-213,-213,-213,-213,-213,-213,-213,-213,-213,-213
180,180,180,180,180,180,180,180,180,180,180,80,-15,-174,-188,-269,-147,107,180,180,180,180,180,180,180,180,180,180,180,180,180,180,180,125,-42,-124,-333,-419,-369,-84,183,370,253,180,180,180,180,180,180,180,180,180,180,180,180,180,180,44,-73,-81,-102,-102,-37,174,521,558,317,180,180,180,180,180,180,180,180,180,180,180,180,180,112,-19,183,39,-311,-109,316,748,889,648,321,180,180,180,180,180,180,180,180,180,180,180,180,97,-74,48,41,-392,-396,204,576,700,624,447,-18,-32,154,180,180,180,180,180,180,180,180,180,154,-10,-31,100,-371,-824,-105,620,697,328,-35,-248,-245,-47,239,206,180,180,180,180,180,180,180,180,116,27,160,-86,-884,-289,614,671,176,-69,-137,-323,-92,472,602,333,180,180,180,180,180,180,180,180,92,117,50,-581,-786,299,850,366,-55,-156,-95,117,500,870,716,350,180,180,180,180,180,180,180,180,227,165,-218,-883,-588,594,855,268,-253,-66,74,314,779,1060,817,350,180,180,180,180,180,180,180,180,294,253,-453,-816,-194,812,761,-176,-303,150,458,718,818,742,521,324,180,180,180,180,180,180,180,180,197,122,-318,-556,-18,755,399,-274,153,705,789,736,540,418,251,197,180,180,180,180,180,180,180,180,180,54,-279,-392,-149,272,-17,-16,746,936,663,442,291,193,180,180,180,180,180,180,180,180,180,180,142,47,-96,-573,-750,-275,273,577,866,611,389,214,180,180,180,180,180,180,180,180,180,180,180,180,42,12,12,-548,-653,-32,505,769,683,471,272,180,180,180,180,180,180,180,180,180,180,180,180,114,-14,186,-190,-766,-191,457,617,522,533,492,477,197,180,180,180,180,180,180,180,180,180,180,180,19,65,155,-609,-697,322,543,156,91,427,809,713,214,180,180,180,180,180,180,180,180,180,180,120,-9,145,-228,-975,-119,731,461,-281,-570,386,1275,1017,248,180,180,180,180,180,180,180,180,180,180,4,87,118,-724,-790,401,886,208,-592,-779,564,1406,1017,248,180,180,180,180,180,180,180,180,180,180,89,181,-212,-1143,-526,640,676,-64,-768,-347,921,1349,829,231,180,180,180,180,180,180,180,180,180,180,205,120,-743,-1110,58,936,462,-293,-212,476,1177,963,542,214,180,180,180,180,180,180,180,180,180,180,331,198,-319,0,1042,1225,507,19,422,936,1005,613,289,180,180,180,180,180,180,180,180,180,180,180,331,107,-226,96,678,567,142,387,840,913,612,353,186,180,180,180,180,180,180,180,180,180,180,180,180,-122,-328,-83,305,469,516,659,719,511,351,197,180,180,180,180,180,180,180,180,180,180,180,180,180,29,-74,-73,78,215,349,433,399,264,180,180,180,180,180,180,180,180,180,180
15,15,15,15,15,15,15,15,15,15,15,-85,-280,-434,-212,37,74,-166,-58,15,15,15,15,15,15,15,15,15,15,15,15,15,15,-40,-262,-456,-515,-377,-304,160,356,278,24,15,15,15,15,15,15,15,15,15,15,15,15,15,15,-121,-429,-685,-356,172,608,844,826,525,148,15,15,15,15,15,15,15,15,15,15,15,15,15,-53,-307,-526,-279,476,1034,1498,1251,617,224,83,15,15,15,15,15,15,15,15,15,15,15,15,-68,-322,-492,-286,616,1310,1588,1069,185,-409,-240,133,48,-145,-11,15,15,15,15,15,15,15,15,-11,-201,-511,-529,385,1375,1451,613,-204,-650,-662,-515,88,354,101,-86,15,15,15,15,15,15,15,15,-49,-311,-621,-71,1197,1573,563,-320,-808,-598,-331,134,641,732,553,151,15,15,15,15,15,15,15,15,-99,-416,-457,630,1479,810,-297,-622,-399,-37,628,1225,1289,957,483,159,15,15,15,15,15,15,15,15,-2,-232,-183,556,1114,309,-622,-364,373,1195,1610,1571,915,282,77,32,15,15,15,15,15,15,15,15,41,162,114,176,292,213,11,593,1457,1744,1463,631,-26,-208,-112,15,15,15,15,15,15,15,15,15,79,260,168,-147,-89,457,1269,1714,1593,1104,199,-174,-210,-56,-2,15,15,15,15,15,15,15,15,15,129,200,-7,-264,-74,898,1879,1818,630,-69,-207,-96,2,15,15,15,15,15,15,15,15,15,15,15,-6,-19,-116,49,442,633,1287,1067,306,-246,-122,15,15,15,15,15,15,15,15,15,15,15,15,15,-123,-324,-170,636,1054,524,258,579,727,394,-76,-2,15,15,15,15,15,15,15,15,15,15,15,-51,-283,-399,35,1069,1291,528,-44,256,1202,827,110,15,15,15,15,15,15,15,15,15,15,15,15,-146,-465,-426,645,1427,1041,248,-245,156,1056,1002,294,15,15,15,15,15,15,15,15,15,15,15,-45,-300,-570,40,1150,1178,319,-118,-80,467,884,807,469,66,15,15,15,15,15,15,15,15,15,15,-161,-475,-363,661,1136,469,-123,-237,410,962,1072,568,382,49,15,15,15,15,15,15,15,15,15,15,-136,-500,-201,808,896,-56,-423,218,1131,1468,906,298,107,15,15,15,15,15,15,15,15,15,15,15,-136,-320,-2,621,422,-31,337,1191,1719,1263,459,-59,-13,15,15,15,15,15,15,15,15,15,15,15,75,295,549,585,573,895,1634,1900,1422,442,-45,-71,15,15,15,15,15,15,15,15,15,15,15,15,191,420,644,681,872,1370,1462,1031,275,-128,-141,9,15,15,15,15,15,15,15,15,15,15,15,15,166,420,581,549,520,573,311,-137,-232,-156,-2,15,15,15,15,15,15,15,15,15,15,15,15,15,166,269,268,117,-20,-154,-238,-204,-69,15,15,15,15,15,15,15,15,15,15,15
-17,-17,-17,-17,-17,-17,-17,-17,-17,-17,-17,-17,-17,-117,-212,-271,-90,-17,-17,-17,-17,-17,-17,-17,-17,-17,-17,-17,-17,-17,-17,-17,-17,-17,-17,-172,-434,-520,-326,-145,-81,-17,-17,-17,-17,-17,-17,-17,-17,-17,-17,-17,-17,-17,-17,-17,-17,-72,-239,-402,-506,-370,-169,-30,-21,-17,-17,-17,-17,-17,-17,-17,-17,-17,-17,-17,-17,-17,-17,-17,-17,-153,-338,-396,39,506,601,505,310,56,-17,-17,-17,-17,-17,-17,-17,-17,-17,-17,-17,-17,-17,-17,-85,-299,-145,411,940,1072,733,511,357,148,-130,-43,-17,-17,-17,-17,-17,-17,-17,-17,-17,-17,-17,-100,-297,-201,341,728,921,745,586,78,-143,-164,-206,-144,-17,-17,-17,-17,-17,-17,-17,-17,-17,-17,-43,-207,-266,87,499,694,489,179,-97,-299,-435,-356,-84,-34,-17,-17,-17,-17,-17,-17,-17,-17,-17,-17,-81,-170,64,506,496,424,45,-232,-359,-291,153,331,348,195,9,-17,-17,-17,-17,-17,-17,-17,-17,-17,-105,29,529,530,256,118,-68,-208,-19,641,974,835,629,516,296,9,-17,-17,-17,-17,-17,-17,-17,-17,56,248,492,417,32,-114,-43,405,845,1125,1039,782,489,324,253,110,-17,-17,-17,-17,-17,-17,-17,-17,161,496,467,151,4,195,635,962,1043,824,563,378,249,208,54,0,-17,-17,-17,-17,-17,-17,-17,-17,114,373,393,244,439,974,874,793,619,448,270,211,94,-4,-17,-17,-17,-17,-17,-17,-17,-17,-17,-17,0,213,308,209,589,1188,880,316,246,243,186,17,-17,-17,-17,-17,-17,-17,-17,-17,-17,-17,-17,-17,-55,-43,280,453,720,727,444,200,21,156,-11,-17,-17,-17,-17,-17,-17,-17,-17,-17,-17,-17,-17,-17,-155,-146,247,654,842,660,557,299,20,-29,-17,-17,-17,-17,-17,-17,-17,-17,-17,-17,-17,-17,-17,-83,-211,17,379,722,969,698,588,569,331,131,-17,-17,-17,-17,-17,-17,-17,-17,-17,-17,-17,-17,-17,-178,-154,261,405,586,655,620,384,477,615,456,103,-17,-17,-17,-17,-17,-17,-17,-17,-17,-17,-17,-77,-206,36,429,439,292,127,311,469,421,665,506,211,0,-17,-17,-17,-17,-17,-17,-17,-17,-17,-17,-193,-44,405,349,214,-34,-42,349,692,637,570,523,270,0,-17,-17,-17,-17,-17,-17,-17,-17,-17,-17,-108,205,446,152,-61,-79,284,792,917,628,454,339,236,17,-17,-17,-17,-17,-17,-17,-17,-17,-17,-17,68,414,440,255,287,670,1061,988,729,459,399,243,86,-17,-17,-17,-17,-17,-17,-17,-17,-17,-17,-17,310,642,622,749,1119,1313,1149,849,538,408,244,139,-11,-17,-17,-17,-17,-17,-17,-17,-17,-17,-17,-17,285,642,802,1072,1366,1293,871,481,320,230,154,0,-17,-17,-17,-17,-17,-17,-17,-17,-17,-17,-17,-17,134,237,236,236,353,321,236,236,202,67,-17,-17,-17,-17,-17,-17,-17,-17,-17,-17
12,12,12,12,12,12,12,12,12,12,12,-88,-283,-337,-20,388,339,85,12,12,12,12,12,12,12,12,12,12,12,12,12,12,12,-43,-265,-504,-391,-135,232,412,399,330,85,12,12,12,12,12,12,12,12,12,12,12,12,12,12,-179,-599,-579,-148,416,761,807,592,217,76,12,12,12,12,12,12,12,12,12,12,12,12,12,-56,-446,-578,0,593,770,859,896,741,416,89,12,12,12,12,12,12,12,12,12,12,12,12,-71,-393,-598,13,474,414,572,707,567,321,235,389,224,38,12,12,12,12,12,12,12,12,12,-14,-287,-659,-383,128,317,495,502,248,4,-152,133,408,545,325,38,12,12,12,12,12,12,12,12,-78,-478,-623,-69,432,430,427,181,-148,-211,-4,551,823,565,308,139,12,12,12,12,12,12,12,12,-166,-591,-539,113,576,760,429,-138,-99,261,723,832,950,956,422,55,12,12,12,12,12,12,12,12,-119,-566,-883,-217,857,891,292,100,513,696,573,818,992,805,435,139,12,12,12,12,12,12,12,12,-31,-519,-914,-423,489,915,727,653,558,475,565,490,629,561,227,29,12,12,12,12,12,12,12,12,-52,-483,-1021,-427,736,1166,985,529,471,586,491,516,344,96,29,12,12,12,12,12,12,12,12,12,-102,-545,-966,-584,417,1165,1074,859,798,609,464,157,25,12,12,12,12,12,12,12,12,12,12,12,-43,-574,-1053,-524,151,497,907,1309,1272,593,52,12,12,12,12,12,12,12,12,12,12,12,12,12,-164,-690,-684,-231,-38,304,851,1373,1198,496,132,12,12,12,12,12,12,12,12,12,12,12,12,-54,-424,-661,-234,132,215,379,538,1249,1351,717,240,29,12,12,12,12,12,12,12,12,12,12,12,-215,-634,-393,153,351,321,-91,32,1136,1573,1128,419,29,12,12,12,12,12,12,12,12,12,12,-48,-464,-681,-152,382,562,211,-595,-363,1006,1652,1205,510,63,12,12,12,12,12,12,12,12,12,12,-224,-673,-484,117,421,633,161,-478,-102,827,1470,1276,436,29,12,12,12,12,12,12,12,12,12,12,-315,-713,-563,-10,585,708,288,52,339,836,1233,1030,322,46,12,12,12,12,12,12,12,12,12,12,-290,-808,-743,-109,669,1032,698,460,394,810,1072,645,149,12,12,12,12,12,12,12,12,12,12,12,-199,-557,-552,193,1044,985,467,393,713,916,683,277,18,12,12,12,12,12,12,12,12,12,12,12,-164,-418,-164,649,1042,655,364,460,671,668,356,35,12,12,12,12,12,12,12,12,12,12,12,12,-139,-393,-403,-25,240,180,278,549,545,267,29,12,12,12,12,12,12,12,12,12,12,12,12,12,-139,-393,-495,-343,-206,-38,181,231,96,12,12,12,12,12,12,12,12,12,12,12
30,30,30,30,30,30,30,30,30,30,30,-70,-165,-124,252,479,357,103,30,30,30,30,30,30,30,30,30,30,30,30,30,30,30,-25,-192,-264,-224,-76,124,421,417,348,103,30,30,30,30,30,30,30,30,30,30,30,30,30,30,-161,-500,-630,-449,-363,-153,89,405,416,167,30,30,30,30,30,30,30,30,30,30,30,30,30,-38,-415,-719,-565,-490,-370,-303,-19,217,171,98,30,30,30,30,30,30,30,30,30,30,30,30,-53,-292,-475,-260,-237,-436,-304,-360,-421,-196,183,373,242,56,30,30,30,30,30,30,30,30,30,4,-243,-602,-442,99,-126,-319,-307,-422,-479,-331,137,523,563,343,56,30,30,30,30,30,30,30,30,-60,-505,-828,-241,-109,-239,-174,-329,-464,-413,-396,-148,193,498,486,183,30,30,30,30,30,30,30,30,-174,-656,-692,-340,-482,-305,-58,-361,-406,-381,-449,-520,-120,355,354,174,30,30,30,30,30,30,30,30,-139,-615,-922,-915,-537,60,-165,-377,-382,-269,-261,-493,-286,98,101,47,30,30,30,30,30,30,30,30,-11,-333,-1282,-1676,-789,45,123,-173,-267,-175,-238,-379,-327,-101,30,30,30,30,30,30,30,30,30,30,191,-96,-1352,-2068,-1175,70,329,-47,-316,-168,-292,-228,-58,13,30,30,30,30,30,30,30,30,30,30,161,97,-1093,-2024,-1434,-109,374,11,-49,-135,-88,17,30,30,30,30,30,30,30,30,30,30,30,30,9,-83,-596,-1404,-1503,-850,-147,413,599,183,30,30,30,30,30,30,30,30,30,30,30,30,30,30,-146,-372,-306,-650,-1458,-1694,-930,438,995,582,150,30,30,30,30,30,30,30,30,30,30,30,30,-36,-378,-513,-145,-353,-934,-1677,-1552,-204,835,798,361,47,30,30,30,30,30,30,30,30,30,30,30,-197,-621,-392,-119,-233,-209,-1119,-1890,-808,400,806,528,64,30,30,30,30,30,30,30,30,30,30,-30,-452,-653,-136,-393,-337,125,-657,-1398,-1067,-87,605,536,81,30,30,30,30,30,30,30,30,30,30,-206,-634,-439,-296,-719,-322,67,-284,-726,-1079,-225,475,386,64,30,30,30,30,30,30,30,30,30,30,-357,-742,-571,-784,-615,-31,-87,-98,-372,-799,-115,389,139,30,30,30,30,30,30,30,30,30,30,30,-388,-703,-1006,-1303,-534,78,21,-223,-461,-477,49,169,36,30,30,30,30,30,30,30,30,30,30,30,-36,-507,-1508,-1836,-920,-272,-234,-369,-485,-175,92,47,30,30,30,30,30,30,30,30,30,30,30,30,206,-194,-1229,-1272,-611,-355,-456,-527,-333,-65,24,30,30,30,30,30,30,30,30,30,30,30,30,30,332,236,-366,-461,-343,-542,-602,-455,-158,13,30,30,30,30,30,30,30,30,30,30,30,30,30,30,181,133,-122,-224,-257,-358,-273,-54,30,30,30,30,30,30,30,30,30,30,30,30
-95,-95,-95,-95,-95,-95,-95,-95,-95,-95,-95,-95,-195,-290,-349,-68,100,159,-22,-95,-95,-95,-95,-95,-95,-95,-95,-95,-95,-95,-95,-95,-95,-95,-150,-317,-344,-376,-96,131,517,360,42,-95,-95,-95,-95,-95,-95,-95,-95,-95,-95,-95,-95,-95,-95,-95,-231,-403,-587,-114,421,859,620,183,-27,-95,-95,-95,-95,-95,-95,-95,-95,-95,-95,-95,-95,-95,-95,-163,-404,-549,-29,853,1252,845,267,-14,-91,-95,-95,-95,-95,-95,-95,-95,-95,-95,-95,-95,-95,-95,-178,-349,-429,62,1160,1611,806,194,-167,-277,-108,58,91,-69,-95,-95,-95,-95,-95,-95,-95,-95,-95,-121,-285,-444,-186,1056,1703,813,-23,-271,-357,-382,-49,471,370,58,-95,-95,-95,-95,-95,-95,-95,-95,-95,-159,-440,-436,659,1535,912,-108,-345,-456,-390,114,647,721,382,49,-95,-95,-95,-95,-95,-95,-95,-95,-95,-235,-425,127,1024,1139,178,-359,-541,-151,515,947,1014,603,120,-78,-95,-95,-95,-95,-95,-95,-95,-95,-95,-67,-136,230,842,701,20,-521,70,1009,1392,1204,688,133,-78,-95,-95,-95,-95,-95,-95,-95,-95,-95,-69,45,212,215,262,252,-14,443,1214,1648,1205,486,6,-78,-95,-95,-95,-95,-95,-95,-95,-95,-95,-95,-31,238,169,-30,23,121,835,1410,1701,907,140,-65,-95,-95,-95,-95,-95,-95,-95,-95,-95,-95,-95,-95,19,175,132,-118,-9,586,1334,1732,918,42,-95,-95,-95,-95,-95,-95,-95,-95,-95,-95,-95,-95,-95,-95,-78,92,-77,-43,432,978,1161,812,502,229,8,-95,-95,-95,-95,-95,-95,-95,-95,-95,-95,-95,-95,-95,-95,-143,-113,109,935,1137,422,183,528,506,219,-78,-95,-95,-95,-95,-95,-95,-95,-95,-95,-95,-95,-95,-161,-260,-234,506,1412,885,53,46,490,708,386,-61,-95,-95,-95,-95,-95,-95,-95,-95,-95,-95,-95,-95,-256,-429,38,1181,1399,412,36,1,582,875,445,-44,-95,-95,-95,-95,-95,-95,-95,-95,-95,-95,-95,-155,-378,-270,582,1321,866,113,-148,244,990,918,312,-61,-95,-95,-95,-95,-95,-95,-95,-95,-95,-95,-95,-271,-366,96,952,1008,205,-201,51,843,1296,722,48,-95,-95,-95,-95,-95,-95,-95,-95,-95,-95,-95,-95,-240,-327,337,1042,497,-223,-6,938,1405,1114,221,-89,-95,-95,-95,-95,-95,-95,-95,-95,-95,-95,-95,-95,-201,-10,447,559,158,243,1026,1539,1175,358,-72,-95,-95,-95,-95,-95,-95,-95,-95,-95,-95,-95,-95,-35,185,288,373,389,451,981,1357,1112,339,-72,-95,-95,-95,-95,-95,-95,-95,-95,-95,-95,-95,-95,-95,81,159,280,494,612,860,1037,782,183,-78,-95,-95,-95,-95,-95,-95,-95,-95,-95,-95,-95,-95,-95,-95,56,310,471,590,664,624,379,6,-95,-95,-95,-95,-95,-95,-95,-95,-95,-95,-95,-95,-95,-95,-95,-95,56,159,158,158,124,-11,-95,-95,-95,-95,-95,-95,-95,-95,-95,-95,-95,-95,-95,-95
-15,-15,-15,-15,-15,-15,-15,-15,-15,-15,-15,85,180,139,-237,-464,-342,-88,-15,-15,-15,-15,-15,-15,-15,-15,-15,-15,-15,-15,-15,-15,-15,40,207,179,-56,-458,-731,-828,-534,-152,-15,-15,-15,-15,-15,-15,-15,-15,-15,-15,-15,-15,-15,-15,-15,121,238,119,-498,-992,-1285,-902,-356,98,58,-15,-15,-15,-15,-15,-15,-15,-15,-15,-15,-15,-15,-15,53,294,235,-388,-1004,-1222,-1044,-522,134,299,122,-15,-15,-15,-15,-15,-15,-15,-15,-15,-15,-15,-15,68,239,278,-136,-1068,-1661,-1347,-489,242,401,-18,-286,-227,-41,-15,-15,-15,-15,-15,-15,-15,-15,-15,11,175,280,71,-1126,-1920,-1543,-347,280,289,10,-487,-856,-607,-168,-15,-15,-15,-15,-15,-15,-15,-15,-15,49,304,344,-633,-1986,-1811,-316,553,217,-158,-730,-1248,-1169,-542,1,11,-15,-15,-15,-15,-15,-15,-15,-15,125,485,107,-1507,-2219,-617,580,362,-440,-800,-1140,-1396,-963,-103,280,138,-15,-15,-15,-15,-15,-15,-15,-15,92,463,-282,-1794,-1649,-170,489,-344,-1035,-1373,-1424,-902,-301,248,292,129,-15,-15,-15,-15,-15,-15,-15,-15,137,170,-519,-1437,-1122,-169,-261,-1167,-1676,-1339,-904,-316,121,206,56,2,-15,-15,-15,-15,-15,-15,-15,-15,52,137,-410,-971,-906,-643,-1053,-1805,-1380,-593,-13,146,79,-2,-15,-15,-15,-15,-15,-15,-15,-15,-15,-15,-112,1,-19,-575,-990,-1439,-1851,-1549,-457,265,181,19,-15,-15,-15,-15,-15,-15,-15,-15,-15,-15,-15,-15,6,159,-59,-767,-1401,-1806,-1665,-987,-32,77,-9,-15,-15,-15,-15,-15,-15,-15,-15,-15,-15,-15,-15,-15,123,338,-175,-1327,-1669,-1509,-884,-750,-442,-262,-32,-15,-15,-15,-15,-15,-15,-15,-15,-15,-15,-15,-15,51,255,231,-730,-1644,-1386,-503,-447,-1007,-826,-292,54,-15,-15,-15,-15,-15,-15,-15,-15,-15,-15,-15,-15,146,414,50,-1458,-1923,-688,234,-374,-1465,-1192,-302,231,2,-15,-15,-15,-15,-15,-15,-15,-15,-15,-15,45,306,398,-784,-2037,-1432,114,346,-870,-1969,-1417,-186,398,19,-15,-15,-15,-15,-15,-15,-15,-15,-15,-15,161,466,-58,-1613,-1873,-423,475,-125,-1426,-2226,-1200,78,457,36,-15,-15,-15,-15,-15,-15,-15,-15,-15,-15,196,529,-495,-1910,-1400,-15,300,-1001,-2009,-1886,-487,349,341,19,-15,-15,-15,-15,-15,-15,-15,-15,-15,-15,372,351,-943,-1847,-1003,-169,-697,-1672,-1945,-946,167,389,94,-15,-15,-15,-15,-15,-15,-15,-15,-15,-15,-15,252,-149,-1229,-1320,-516,-327,-1191,-1605,-918,16,377,158,-9,-15,-15,-15,-15,-15,-15,-15,-15,-15,-15,-15,111,-239,-738,-752,-476,-683,-967,-688,23,293,156,2,-15,-15,-15,-15,-15,-15,-15,-15,-15,-15,-15,-15,-15,-317,-582,-608,-582,-649,-483,-34,187,69,-15,-15,-15,-15,-15,-15,-15,-15,-15,-15,-15,-15,-15,-15,-166,-420,-522,-521,-487,-318,-99,-15,-15,-15,-15,-15,-15,-15,-15,-15,-15,-15,-15,-15
