0,0,0,0,0,0,0,0,0,0,0,-100,-195,-254,27,195,254,73,0,0,0,0,0,0,0,0,0,0,0,0,0,0,0,-55,-222,-249,-81,289,439,209,-67,-190,-73,0,0,0,0,0,0,0,0,0,0,0,0,0,0,-136,-198,-3,397,516,86,-473,-550,-197,-64,0,0,0,0,0,0,0,0,0,0,0,0,0,-68,-254,40,475,551,-37,-625,-797,-412,104,69,0,0,0,0,0,0,0,0,0,0,0,0,-83,-254,-117,528,589,-357,-1373,-1021,-446,22,120,217,186,26,0,0,0,0,0,0,0,0,0,-26,-190,-170,175,420,-410,-1344,-1100,-432,-68,141,325,270,100,-59,-26,0,0,0,0,0,0,0,0,-64,-210,63,420,-27,-1215,-1349,-355,122,222,585,407,-154,-394,-262,-127,0,0,0,0,0,0,0,0,-114,-163,255,210,-795,-1368,-411,286,477,582,390,-245,-902,-664,-38,9,0,0,0,0,0,0,0,0,-17,-104,-2,-502,-1160,-541,287,653,627,-138,-886,-1074,-635,-68,135,127,0,0,0,0,0,0,0,0,-26,-111,-186,-832,-1043,43,768,387,-399,-1317,-1247,-751,-166,263,181,17,0,0,0,0,0,0,0,0,-64,-274,-319,-578,-500,533,344,-676,-1521,-1157,-408,44,235,67,17,0,0,0,0,0,0,0,0,0,-114,-435,-358,-132,-302,-54,-563,-1208,-958,-93,273,132,13,0,0,0,0,0,0,0,0,0,0,0,-55,-463,-385,-126,-268,-644,-1160,-711,52,377,40,0,0,0,0,0,0,0,0,0,0,0,0,0,-138,-305,-1,-7,-637,-1005,-956,-131,310,-23,-86,0,0,0,0,0,0,0,0,0,0,0,0,-66,-232,-78,223,-245,-954,-753,-370,-34,-64,-24,-194,-17,0,0,0,0,0,0,0,0,0,0,0,-161,-187,244,289,-785,-1454,-448,14,40,-239,-86,-133,-17,0,0,0,0,0,0,0,0,0,0,-60,-255,-18,358,-128,-1202,-1184,-309,110,166,-455,-292,-76,-17,0,0,0,0,0,0,0,0,0,0,-176,-194,271,228,-864,-1244,-356,153,221,-200,-987,-358,116,17,0,0,0,0,0,0,0,0,0,0,-151,-84,151,-417,-1278,-534,504,548,-195,-1055,-959,-57,230,34,0,0,0,0,0,0,0,0,0,0,-151,-28,-140,-899,-816,409,682,-78,-1167,-1402,-470,347,137,0,0,0,0,0,0,0,0,0,0,0,-60,163,-87,-750,-216,289,-503,-1245,-1372,-532,216,253,6,0,0,0,0,0,0,0,0,0,0,0,-176,-128,-297,-569,-295,-419,-984,-977,-401,141,304,23,0,0,0,0,0,0,0,0,0,0,0,0,-151,-254,-463,-594,-441,-550,-628,-232,194,238,17,0,0,0,0,0,0,0,0,0,0,0,0,0,-151,-405,-658,-609,-471,-303,-50,135,84,0,0,0,0,0,0,0,0,0,0,0
0,0,0,0,0,0,0,0,0,0,0,-100,-295,-549,-622,-622,-522,-327,-73,0,0,0,0,0,0,0,0,0,0,0,0,0,0,-55,-277,-526,-762,-890,-899,-677,-428,-192,-64,0,0,0,0,0,0,0,0,0,0,0,0,0,0,-136,-389,-514,-507,-561,-705,-584,-178,-17,-4,0,0,0,0,0,0,0,0,0,0,0,0,0,-68,-267,-251,-192,-277,-385,-358,-100,312,327,73,0,0,0,0,0,0,0,0,0,0,0,0,-83,-337,-331,-47,-239,-535,-241,302,473,393,141,-241,-365,-212,-26,0,0,0,0,0,0,0,0,-26,-216,-401,-197,-251,-713,-496,217,566,233,-344,-723,-758,-633,-380,-127,0,0,0,0,0,0,0,0,-64,-217,-188,-154,-681,-815,-71,359,-20,-421,-686,-930,-748,-339,-88,-17,0,0,0,0,0,0,0,0,-88,-94,-46,-497,-985,-560,99,-34,-471,-507,-372,-592,-397,173,212,26,0,0,0,0,0,0,0,0,73,184,-123,-882,-934,-334,-18,-113,-372,-373,-253,-56,288,701,592,153,0,0,0,0,0,0,0,0,178,399,-151,-996,-661,84,10,-320,-475,-272,218,585,853,785,468,144,0,0,0,0,0,0,0,0,131,373,-68,-801,-359,403,-94,-643,-301,382,781,833,602,309,88,17,0,0,0,0,0,0,0,0,17,230,171,-399,-310,73,-507,-688,132,812,718,373,124,13,0,0,0,0,0,0,0,0,0,0,-38,-64,71,-234,-530,-516,-491,-161,250,305,140,34,0,0,0,0,0,0,0,0,0,0,0,0,-138,-201,20,-149,-453,-477,-162,226,4,-280,-222,-17,0,0,0,0,0,0,0,0,0,0,0,-66,-260,-141,-95,-376,-147,142,18,78,-125,-439,-270,-17,0,0,0,0,0,0,0,0,0,0,0,-161,-238,-19,-431,-786,79,618,68,-238,-137,-130,-184,-34,0,0,0,0,0,0,0,0,0,0,-60,-249,-152,-186,-810,-751,249,633,-48,-591,-158,421,228,17,0,0,0,0,0,0,0,0,0,0,-176,-203,-18,-524,-1045,-492,230,217,-323,-879,-194,757,492,34,0,0,0,0,0,0,0,0,0,0,-91,11,-166,-1081,-1230,-390,71,-188,-687,-747,123,961,557,51,0,0,0,0,0,0,0,0,0,0,85,104,-614,-1338,-820,98,114,-374,-622,-56,766,863,390,34,0,0,0,0,0,0,0,0,0,0,327,508,-93,-72,878,1073,350,-175,12,632,902,519,109,0,0,0,0,0,0,0,0,0,0,0,302,508,112,250,893,642,133,253,680,882,588,179,6,0,0,0,0,0,0,0,0,0,0,0,151,254,102,301,776,753,626,819,803,502,188,17,0,0,0,0,0,0,0,0,0,0,0,0,0,0,0,151,405,507,506,472,303,84,0,0,0,0,0,0,0,0,0,0
0,0,0,0,0,0,0,0,0,0,0,0,0,-100,-295,-549,-522,-327,-73,0,0,0,0,0,0,0,0,0,0,0,0,0,0,0,0,-155,-572,-975,-1034,-686,-428,-192,-64,0,0,0,0,0,0,0,0,0,0,0,0,0,0,-55,-277,-707,-1069,-1132,-536,59,222,56,-4,0,0,0,0,0,0,0,0,0,0,0,0,0,0,-191,-679,-994,-645,19,494,420,192,64,0,0,0,0,0,0,0,0,0,0,0,0,0,0,-68,-541,-940,-453,393,965,864,333,63,-343,-425,-365,-212,-26,0,0,0,0,0,0,0,0,0,-83,-431,-854,-324,472,799,665,232,-217,-746,-828,-789,-633,-380,-127,0,0,0,0,0,0,0,0,-26,-299,-761,-569,352,622,437,101,-491,-1154,-1418,-981,-341,-101,-62,-17,0,0,0,0,0,0,0,0,-90,-490,-636,97,506,179,-45,-869,-1340,-1321,-689,65,391,367,127,0,0,0,0,0,0,0,0,0,-178,-494,-49,590,302,-462,-1222,-1437,-932,-70,778,905,589,121,-143,-26,0,0,0,0,0,0,0,0,-105,-215,154,526,44,-1013,-1551,-759,436,971,1170,662,217,0,-126,-127,0,0,0,0,0,0,0,0,47,99,119,-40,-368,-916,-663,578,987,967,440,87,-11,-154,-54,-17,0,0,0,0,0,0,0,0,114,189,34,-221,-408,-146,308,566,418,89,-12,-117,-98,-13,0,0,0,0,0,0,0,0,0,0,17,52,-34,-268,-59,334,324,-110,-479,-399,-272,-34,0,0,0,0,0,0,0,0,0,0,0,0,-38,-254,-314,-112,58,389,120,-200,-604,-665,-234,-17,0,0,0,0,0,0,0,0,0,0,0,0,-176,-573,-315,334,394,90,-145,-72,-428,-425,-270,-17,0,0,0,0,0,0,0,0,0,0,0,-66,-436,-672,33,535,506,179,-315,-134,-347,-391,-270,-34,0,0,0,0,0,0,0,0,0,0,0,-227,-668,-333,327,331,374,-65,-468,-150,-131,-229,-189,0,0,0,0,0,0,0,0,0,0,0,-60,-476,-687,68,382,140,-281,-853,-436,232,222,83,-166,-17,0,0,0,0,0,0,0,0,0,0,-236,-619,-166,449,67,-628,-1363,-984,134,637,426,86,-236,-17,0,0,0,0,0,0,0,0,0,0,-327,-438,206,203,-636,-1310,-1241,-7,915,820,335,6,-219,-34,0,0,0,0,0,0,0,0,0,0,-242,-168,199,61,-93,-75,530,1235,1001,481,17,-151,-103,0,0,0,0,0,0,0,0,0,0,0,25,327,479,584,680,845,1149,966,386,13,-88,-150,-6,0,0,0,0,0,0,0,0,0,0,0,151,556,669,743,787,626,519,263,11,-76,-154,-17,0,0,0,0,0,0,0,0,0,0,0,0,151,405,507,657,575,302,84,-34,-135,-84,0,0,0,0,0,0,0,0,0,0
0,0,0,0,0,0,0,0,0,0,0,0,0,0,0,0,0,0,0,0,0,0,0,0,0,0,0,0,0,0,0,0,0,0,0,0,0,100,295,449,327,73,0,0,0,0,0,0,0,0,0,0,0,0,0,0,0,0,0,55,277,471,485,464,387,318,73,0,0,0,0,0,0,0,0,0,0,0,0,0,0,0,0,36,94,-16,-87,-272,-269,-195,-9,0,0,0,0,0,0,0,0,0,0,0,0,0,0,-55,-209,-304,-652,-1139,-1255,-1074,-862,-506,-133,0,0,0,0,0,0,0,0,0,0,0,0,0,0,-108,-329,-701,-1211,-1351,-1331,-994,-520,-43,271,212,26,0,0,0,0,0,0,0,0,0,0,0,-42,-242,-419,-646,-816,-948,-747,-237,194,429,515,533,313,26,0,0,0,0,0,0,0,0,0,-83,-341,-544,-523,-608,-672,-474,-9,232,155,206,111,-24,58,101,0,0,0,0,0,0,0,0,-26,-299,-692,-742,-632,-687,-566,-160,156,-226,-661,-932,-938,-773,-521,-136,0,0,0,0,0,0,0,0,-90,-516,-962,-855,-504,-407,-315,-222,-483,-1000,-1478,-1524,-1281,-933,-468,-144,0,0,0,0,0,0,0,0,-178,-667,-1037,-947,-711,-387,-288,-614,-1150,-1460,-1362,-1138,-690,-326,-88,-17,0,0,0,0,0,0,0,0,-131,-609,-1023,-1022,-980,-1079,-929,-1025,-1253,-1121,-836,-386,-124,-13,0,0,0,0,0,0,0,0,0,0,-17,-332,-839,-1112,-1292,-1445,-1179,-873,-811,-682,-243,-34,0,0,0,0,0,0,0,0,0,0,0,0,0,-195,-656,-943,-1267,-1462,-1039,-411,-55,-19,-6,0,0,0,0,0,0,0,0,0,0,0,0,0,0,-190,-532,-787,-1282,-1429,-1195,-502,170,389,120,0,0,0,0,0,0,0,0,0,0,0,0,0,-38,-278,-449,-756,-1344,-1664,-1611,-1017,-263,96,125,17,0,0,0,0,0,0,0,0,0,0,0,0,-176,-489,-474,-633,-1139,-1623,-1485,-1024,-695,-289,-44,0,0,0,0,0,0,0,0,0,0,0,0,-66,-376,-523,-458,-559,-820,-1060,-947,-715,-745,-648,-245,0,0,0,0,0,0,0,0,0,0,0,0,-227,-536,-510,-566,-603,-544,-557,-705,-754,-808,-803,-454,-51,0,0,0,0,0,0,0,0,0,0,-60,-476,-785,-610,-424,-432,-473,-502,-769,-910,-1004,-741,-384,-34,0,0,0,0,0,0,0,0,0,0,-236,-745,-874,-642,-503,-472,-588,-870,-1101,-1077,-846,-502,-109,0,0,0,0,0,0,0,0,0,0,0,-327,-835,-1069,-1269,-1485,-1539,-1447,-1386,-1226,-994,-594,-179,-6,0,0,0,0,0,0,0,0,0,0,0,-302,-810,-1224,-1655,-2127,-2156,-1819,-1422,-991,-519,-188,-17,0,0,0,0,0,0,0,0,0,0,0,0,-151,-405,-658,-911,-1130,-1063,-809,-556,-303,-84,0,0,0,0,0,0,0,0,0,0
0,0,0,0,0,0,0,0,0,0,0,100,195,254,73,0,0,0,0,0,0,0,0,0,0,0,0,0,0,0,0,0,0,55,222,349,431,282,-158,-449,-327,-73,0,0,0,0,0,0,0,0,0,0,0,0,0,0,0,191,475,519,342,119,-90,-291,-192,-64,0,0,0,0,0,0,0,0,0,0,0,0,0,0,68,445,681,673,479,348,210,-64,-212,-258,-73,0,0,0,0,0,0,0,0,0,0,0,0,83,322,630,749,640,493,541,436,299,23,-102,-64,0,0,0,0,0,0,0,0,0,0,0,26,273,575,678,512,480,612,556,334,377,402,-26,-343,-212,-26,0,0,0,0,0,0,0,0,0,90,509,842,663,283,193,462,419,409,542,368,-90,-480,-380,-127,0,0,0,0,0,0,0,0,0,204,788,1086,578,213,338,320,405,508,439,409,131,-156,-241,-203,-26,0,0,0,0,0,0,0,0,221,994,1272,655,322,315,337,412,449,469,629,577,150,-227,-253,-127,0,0,0,0,0,0,0,0,195,1008,1565,929,276,228,361,502,495,653,564,340,144,-98,-71,-17,0,0,0,0,0,0,0,0,131,868,1691,1382,516,108,284,452,554,410,238,68,-23,4,0,0,0,0,0,0,0,0,0,0,17,636,1669,1681,1028,251,183,391,340,85,-79,-21,0,0,0,0,0,0,0,0,0,0,0,0,38,518,1339,1791,1509,670,-32,-123,-86,-156,-6,0,0,0,0,0,0,0,0,0,0,0,0,0,176,664,960,1215,1508,1134,196,-540,-553,-108,0,0,0,0,0,0,0,0,0,0,0,0,0,66,408,746,758,760,1287,1641,701,-530,-717,-307,-17,0,0,0,0,0,0,0,0,0,0,0,0,227,661,812,512,319,1011,1696,1434,25,-743,-515,-120,0,0,0,0,0,0,0,0,0,0,0,60,482,896,728,329,217,675,1362,1642,506,-534,-540,-245,-17,0,0,0,0,0,0,0,0,0,0,236,736,932,558,284,369,503,1030,1202,513,-125,-339,-253,-17,0,0,0,0,0,0,0,0,0,0,387,984,1000,607,500,460,477,665,688,496,28,-242,-253,-34,0,0,0,0,0,0,0,0,0,0,538,1253,1213,742,465,237,338,539,468,357,16,-220,-103,0,0,0,0,0,0,0,0,0,0,0,478,1149,1159,744,310,175,424,587,489,126,-141,-156,-6,0,0,0,0,0,0,0,0,0,0,0,302,986,1352,1172,847,685,692,491,164,-85,-165,-17,0,0,0,0,0,0,0,0,0,0,0,0,151,556,912,921,660,480,331,165,-31,-67,0,0,0,0,0,0,0,0,0,0,0,0,0,0,0,151,405,507,506,472,303,84,0,0,0,0,0,0,0,0,0,0,0,0
0,0,0,0,0,0,0,0,0,0,0,-100,-295,-449,-227,122,254,73,0,0,0,0,0,0,0,0,0,0,0,0,0,0,0,-55,-277,-471,-330,153,506,399,6,-190,-73,0,0,0,0,0,0,0,0,0,0,0,0,0,0,-136,-334,-101,489,736,128,-522,-681,-451,-137,0,0,0,0,0,0,0,0,0,0,0,0,0,-68,-267,-47,487,678,-170,-1077,-1270,-839,-278,-68,0,0,0,0,0,0,0,0,0,0,0,0,-83,-337,-235,473,593,-592,-1662,-1243,-493,-309,-207,123,186,26,0,0,0,0,0,0,0,0,0,-26,-216,-292,191,317,-506,-1206,-1080,-483,-247,-59,212,325,126,-59,-26,0,0,0,0,0,0,0,0,-64,-191,24,263,-213,-1059,-1189,-501,-94,228,594,429,43,-420,-448,-153,0,0,0,0,0,0,0,0,-88,-113,46,-103,-778,-1167,-831,-127,493,772,477,-438,-1190,-1053,-477,-144,0,0,0,0,0,0,0,0,47,25,-329,-800,-804,-756,-250,644,739,-142,-1313,-1422,-853,-494,-189,-17,0,0,0,0,0,0,0,0,88,-36,-536,-850,-681,-169,405,453,-601,-1648,-1509,-798,-41,279,110,0,0,0,0,0,0,0,0,0,-47,-180,-520,-572,-146,148,-97,-990,-1667,-1229,-371,232,266,88,17,0,0,0,0,0,0,0,0,0,-114,-362,-277,-8,-121,-592,-1308,-1340,-900,-81,286,124,13,0,0,0,0,0,0,0,0,0,0,0,-55,-396,-521,-5,41,-1081,-1506,-741,3,250,34,0,0,0,0,0,0,0,0,0,0,0,0,0,-138,-358,-172,99,-224,-1101,-1031,-225,-56,-107,-86,0,0,0,0,0,0,0,0,0,0,0,0,-66,-260,-127,75,-62,-567,-853,-660,-517,-377,-331,-297,-17,0,0,0,0,0,0,0,0,0,0,0,-161,-210,134,37,-697,-1127,-694,-211,-242,-456,-567,-447,-34,0,0,0,0,0,0,0,0,0,0,-60,-249,-107,91,-188,-829,-1246,-652,143,352,-242,-764,-540,-51,0,0,0,0,0,0,0,0,0,0,-176,-209,103,4,-631,-1092,-826,-143,383,82,-674,-830,-390,-34,0,0,0,0,0,0,0,0,0,0,-91,-40,-136,-652,-1058,-813,121,421,-278,-819,-849,-530,-126,0,0,0,0,0,0,0,0,0,0,0,25,-161,-679,-834,-546,140,508,-195,-1286,-1295,-462,5,28,0,0,0,0,0,0,0,0,0,0,0,91,90,-163,-42,177,-86,-831,-1619,-1404,-514,7,80,0,0,0,0,0,0,0,0,0,0,0,0,-25,-176,-200,-222,-663,-1271,-1501,-1105,-402,122,145,6,0,0,0,0,0,0,0,0,0,0,0,0,-151,-405,-415,-339,-523,-667,-459,9,317,188,17,0,0,0,0,0,0,0,0,0,0,0,0,0,-151,-405,-356,-101,35,203,388,303,84,0,0,0,0,0,0,0,0,0,0,0
0,0,0,0,0,0,0,0,0,0,0,0,0,-100,-195,-254,-73,0,0,0,0,0,0,0,0,0,0,0,0,0,0,0,0,0,0,45,-27,-95,-458,-577,-391,-73,0,0,0,0,0,0,0,0,0,0,0,0,0,0,0,55,222,158,1,-119,-182,-304,-196,-64,0,0,0,0,0,0,0,0,0,0,0,0,0,0,0,191,462,306,133,181,432,485,310,69,0,0,0,0,0,0,0,0,0,0,0,0,0,0,68,307,273,261,434,644,717,527,238,-270,-259,-26,0,0,0,0,0,0,0,0,0,0,0,83,296,234,-49,-4,497,733,366,139,-111,-453,-656,-339,-26,0,0,0,0,0,0,0,0,0,26,273,500,173,-146,102,436,376,34,-78,-35,-341,-555,-397,-127,0,0,0,0,0,0,0,0,0,90,452,558,155,34,308,494,31,-7,32,125,258,196,124,9,0,0,0,0,0,0,0,0,0,178,579,691,87,11,504,266,-49,53,275,509,676,777,413,-33,-26,0,0,0,0,0,0,0,0,131,656,950,468,82,164,29,-49,298,551,817,636,373,88,-109,-127,0,0,0,0,0,0,0,0,17,446,1099,1008,514,21,-207,300,545,732,449,123,-15,-154,-54,-17,0,0,0,0,0,0,0,0,0,212,831,1181,846,120,-154,372,667,275,9,-117,-98,-13,0,0,0,0,0,0,0,0,0,0,0,190,637,808,1035,451,-218,-71,98,-45,-169,-34,0,0,0,0,0,0,0,0,0,0,0,0,38,306,417,463,997,1139,98,-546,-608,-304,-6,0,0,0,0,0,0,0,0,0,0,0,0,0,176,446,174,91,898,1558,934,-262,-844,-250,-17,0,0,0,0,0,0,0,0,0,0,0,0,66,370,351,43,44,668,1366,1211,293,-568,-280,-17,0,0,0,0,0,0,0,0,0,0,0,0,227,491,182,-68,179,594,672,783,430,-120,-201,-120,0,0,0,0,0,0,0,0,0,0,0,60,416,451,61,-9,373,531,190,279,334,282,125,-177,-17,0,0,0,0,0,0,0,0,0,0,236,569,369,-41,185,532,175,44,65,353,584,281,-202,-17,0,0,0,0,0,0,0,0,0,0,327,744,501,136,344,305,-102,78,322,543,479,103,-219,-34,0,0,0,0,0,0,0,0,0,0,302,835,947,750,687,239,112,480,640,590,162,-145,-103,0,0,0,0,0,0,0,0,0,0,0,151,556,912,1248,1143,714,711,763,558,195,-71,-150,-6,0,0,0,0,0,0,0,0,0,0,0,0,151,405,809,863,632,573,378,78,-76,-154,-17,0,0,0,0,0,0,0,0,0,0,0,0,0,0,0,151,103,-1,0,-34,-135,-84,0,0,0,0,0,0,0,0,0,0
0,0,0,0,0,0,0,0,0,0,0,-100,-195,-154,222,449,327,73,0,0,0,0,0,0,0,0,0,0,0,0,0,0,0,-55,-222,-294,-154,189,543,718,460,318,73,0,0,0,0,0,0,0,0,0,0,0,0,0,0,-191,-475,-383,92,487,825,832,585,386,137,0,0,0,0,0,0,0,0,0,0,0,0,0,-68,-445,-558,-74,261,239,417,642,587,395,141,0,0,0,0,0,0,0,0,0,0,0,0,-83,-322,-547,-276,220,179,365,224,15,-99,208,407,212,26,0,0,0,0,0,0,0,0,0,-26,-273,-549,-339,392,429,210,51,-132,-366,-167,395,709,559,313,26,0,0,0,0,0,0,0,0,-90,-509,-695,84,691,583,132,-120,-374,-193,190,816,941,647,456,153,0,0,0,0,0,0,0,0,-204,-762,-688,422,644,355,74,-176,42,195,279,606,770,775,510,170,0,0,0,0,0,0,0,0,-221,-847,-701,187,463,303,133,146,251,401,264,256,322,322,298,144,0,0,0,0,0,0,0,0,-169,-704,-919,-161,196,402,578,440,325,317,322,122,-33,-15,-56,17,0,0,0,0,0,0,0,0,-67,-615,-1175,-626,94,529,1015,600,311,384,41,-45,-131,-58,-17,0,0,0,0,0,0,0,0,0,97,-383,-1305,-1114,-366,739,1290,843,344,98,-32,-77,-13,0,0,0,0,0,0,0,0,0,0,0,-21,-293,-925,-869,-505,160,1133,1000,768,174,-28,0,0,0,0,0,0,0,0,0,0,0,0,0,-176,-574,-484,-199,-474,-223,571,1119,1095,551,120,0,0,0,0,0,0,0,0,0,0,0,0,-66,-408,-537,45,232,-545,-820,33,950,1487,864,331,17,0,0,0,0,0,0,0,0,0,0,0,-227,-661,-428,461,508,-233,-1036,-821,592,1357,1072,601,34,0,0,0,0,0,0,0,0,0,0,-60,-482,-732,106,560,445,-54,-805,-784,385,927,810,717,68,0,0,0,0,0,0,0,0,0,0,-236,-736,-457,479,387,136,74,-295,-55,314,646,589,592,51,0,0,0,0,0,0,0,0,0,0,-387,-858,-302,299,283,232,193,307,415,335,434,410,345,34,0,0,0,0,0,0,0,0,0,0,-538,-916,-379,79,302,578,576,445,503,291,388,174,75,0,0,0,0,0,0,0,0,0,0,0,-418,-743,-487,-285,29,374,491,367,374,222,161,70,6,0,0,0,0,0,0,0,0,0,0,0,-126,-581,-698,-565,-257,227,200,125,68,81,15,11,0,0,0,0,0,0,0,0,0,0,0,0,0,-302,-600,-640,-500,-216,-85,-154,-45,-87,-17,0,0,0,0,0,0,0,0,0,0,0,0,0,151,103,-1,-151,-288,-388,-337,-219,-84,0,0,0,0,0,0,0,0,0,0,0
0,0,0,0,0,0,0,0,0,0,0,0,100,195,254,73,0,0,0,0,0,0,0,0,0,0,0,0,0,0,0,0,0,0,55,122,54,-18,155,359,449,327,73,0,0,0,0,0,0,0,0,0,0,0,0,0,0,-55,-86,-96,-251,-312,-202,-133,-158,-135,-9,0,0,0,0,0,0,0,0,0,0,0,0,0,0,-123,-276,-600,-801,-809,-974,-886,-654,-248,-60,0,0,0,0,0,0,0,0,0,0,0,0,0,15,-136,-410,-736,-611,-468,-510,-405,-71,105,22,0,0,0,0,0,0,0,0,0,0,0,0,-57,-132,-199,-131,-12,46,-186,31,114,114,236,293,339,212,26,0,0,0,0,0,0,0,0,-26,-209,-354,-336,-239,62,91,146,140,-149,-270,-135,85,141,168,101,0,0,0,0,0,0,0,0,-90,-338,-441,-378,-336,-113,-124,-212,-313,-511,-618,-794,-713,-549,-318,-110,0,0,0,0,0,0,0,0,-178,-479,-324,-89,-195,-275,-335,-413,-596,-578,-679,-815,-863,-654,-215,-17,0,0,0,0,0,0,0,0,-105,-440,-522,-310,-310,-285,-328,-546,-540,-475,-401,-234,-57,26,-17,0,0,0,0,0,0,0,0,0,47,-146,-501,-689,-873,-826,-560,-347,-259,-155,-34,155,75,17,0,0,0,0,0,0,0,0,0,0,114,155,-219,-700,-1082,-711,-394,-160,-123,-76,84,13,0,0,0,0,0,0,0,0,0,0,0,0,17,90,42,-450,-917,-550,-44,191,157,102,0,0,0,0,0,0,0,0,0,0,0,0,0,0,-38,-78,3,-356,-668,-618,-395,-5,185,269,103,0,0,0,0,0,0,0,0,0,0,0,0,0,-110,-175,-82,-134,-454,-1180,-1159,-657,-246,116,125,17,0,0,0,0,0,0,0,0,0,0,0,-66,-209,-240,-268,-24,-83,-697,-995,-893,-660,-78,42,0,0,0,0,0,0,0,0,0,0,0,0,-167,-258,-198,-262,20,77,12,-388,-668,-581,-245,0,17,0,0,0,0,0,0,0,0,0,0,-60,-240,-295,-267,-143,-52,-177,-91,-168,-396,-441,-436,-201,-34,0,0,0,0,0,0,0,0,0,0,-236,-352,-204,-174,-127,-359,-452,-241,-133,-297,-481,-465,-131,0,0,0,0,0,0,0,0,0,0,0,-327,-432,-311,-328,-364,-441,-394,-316,-215,-296,-288,-214,-6,0,0,0,0,0,0,0,0,0,0,0,-242,-520,-727,-887,-953,-809,-553,-411,-411,-400,-247,-23,0,0,0,0,0,0,0,0,0,0,0,0,25,-126,-560,-1128,-1514,-1282,-892,-590,-332,-110,-11,0,0,0,0,0,0,0,0,0,0,0,0,0,151,254,161,-65,-168,-47,115,132,104,17,0,0,0,0,0,0,0,0,0,0,0,0,0,0,151,405,658,760,725,556,303,84,0,0,0,0,0,0,0,0,0,0,0,0
0,0,0,0,0,0,0,0,0,0,0,100,195,154,-122,-154,122,254,73,0,0,0,0,0,0,0,0,0,0,0,0,0,0,55,222,194,14,-66,50,221,367,382,137,0,0,0,0,0,0,0,0,0,0,0,0,0,0,136,253,89,-265,-216,137,488,515,395,141,0,0,0,0,0,0,0,0,0,0,0,0,0,68,254,28,-563,-527,-58,425,523,519,395,141,0,0,0,0,0,0,0,0,0,0,0,0,83,254,47,-612,-604,-139,414,562,736,692,268,-32,127,186,26,0,0,0,0,0,0,0,0,26,190,227,-276,-734,-221,474,841,815,634,384,121,21,279,439,153,0,0,0,0,0,0,0,0,64,236,-5,-744,-456,507,942,936,500,207,-90,-21,366,614,510,170,0,0,0,0,0,0,0,0,114,144,-398,-691,-40,977,1164,570,-76,-322,-140,296,443,644,510,170,0,0,0,0,0,0,0,0,-9,-29,-252,-449,137,1137,1153,-76,-446,-60,135,424,553,644,510,170,0,0,0,0,0,0,0,0,-64,-260,-210,4,212,885,520,-221,-39,334,535,605,557,491,324,144,0,0,0,0,0,0,0,0,-114,-165,-139,-105,22,275,405,176,514,662,619,516,364,238,71,17,0,0,0,0,0,0,0,0,-17,-140,-110,-188,-274,85,501,747,912,743,462,262,111,13,0,0,0,0,0,0,0,0,0,0,38,131,-227,-585,-358,434,994,757,1029,773,312,34,0,0,0,0,0,0,0,0,0,0,0,0,138,148,-400,-734,-193,742,938,669,916,755,320,17,0,0,0,0,0,0,0,0,0,0,0,66,232,-40,-674,-506,53,733,692,312,677,818,567,34,0,0,0,0,0,0,0,0,0,0,0,161,215,-441,-675,-57,514,630,268,-33,563,1049,820,68,0,0,0,0,0,0,0,0,0,0,60,255,-57,-740,-365,532,957,586,-364,-311,714,1258,923,68,0,0,0,0,0,0,0,0,0,0,176,188,-496,-634,185,951,986,55,-548,-112,784,1169,826,68,0,0,0,0,0,0,0,0,0,0,151,33,-498,-362,479,1059,660,-309,-298,400,830,933,615,51,0,0,0,0,0,0,0,0,0,0,91,-177,-359,-74,482,825,237,-50,327,632,783,680,362,34,0,0,0,0,0,0,0,0,0,0,-176,-405,-327,-183,246,527,203,126,563,638,669,427,109,0,0,0,0,0,0,0,0,0,0,0,-151,-405,-415,-431,-28,296,232,436,586,568,415,173,6,0,0,0,0,0,0,0,0,0,0,0,-151,-254,-253,-253,83,424,414,431,472,331,171,17,0,0,0,0,0,0,0,0,0,0,0,0,0,0,0,0,151,254,253,253,219,84,0,0,0,0,0,0,0,0,0,0
0,0,0,0,0,0,0,0,0,0,0,0,0,0,-100,-95,-59,181,73,0,0,0,0,0,0,0,0,0,0,0,0,0,0,0,0,-100,-150,-326,-41,-68,230,318,137,0,0,0,0,0,0,0,0,0,0,0,0,0,0,-55,-167,-82,-445,-398,-176,349,442,391,141,0,0,0,0,0,0,0,0,0,0,0,0,0,0,-136,-172,-398,-551,-192,311,355,501,214,68,0,0,0,0,0,0,0,0,0,0,0,0,0,-68,-186,-184,-695,-688,-2,177,564,601,391,-63,-33,160,26,0,0,0,0,0,0,0,0,0,-83,-171,-163,-764,-923,-103,498,554,369,221,116,-143,127,312,153,0,0,0,0,0,0,0,0,-26,-164,-172,-509,-923,-483,643,623,376,-16,-342,-189,86,433,493,170,0,0,0,0,0,0,0,0,-64,-198,-296,-798,-953,481,971,381,-279,-433,-183,-87,330,634,350,144,0,0,0,0,0,0,0,0,-114,-286,-620,-923,-389,751,994,-228,-453,-378,-170,173,487,703,410,43,0,0,0,0,0,0,0,0,-43,-538,-806,-752,-155,746,450,-223,-584,-35,50,209,584,573,397,127,0,0,0,0,0,0,0,0,-64,-407,-948,-630,-42,399,193,-578,46,164,441,551,474,296,88,17,0,0,0,0,0,0,0,0,-114,-472,-661,-620,-238,68,-291,-33,590,787,508,339,124,13,0,0,0,0,0,0,0,0,0,0,-17,-327,-733,-820,-865,5,245,402,1047,689,340,34,0,0,0,0,0,0,0,0,0,0,0,0,-38,-273,-414,-1172,-1167,11,628,788,755,562,303,17,0,0,0,0,0,0,0,0,0,0,0,0,-138,-258,-592,-1111,-613,376,379,573,314,486,550,34,0,0,0,0,0,0,0,0,0,0,0,-66,-166,-206,-867,-902,107,130,73,181,294,671,683,68,0,0,0,0,0,0,0,0,0,0,0,-161,-196,-538,-1046,-199,631,-5,-625,-272,466,1165,729,51,0,0,0,0,0,0,0,0,0,0,-60,-195,-311,-934,-792,672,682,-280,-914,-603,720,1357,607,51,0,0,0,0,0,0,0,0,0,0,-176,-204,-548,-1103,-220,916,485,-594,-835,-232,929,1152,413,17,0,0,0,0,0,0,0,0,0,0,-151,-440,-786,-1022,96,844,38,-461,-498,372,899,782,293,34,0,0,0,0,0,0,0,0,0,0,-211,-569,-1042,-640,401,580,-177,-455,161,640,829,380,103,0,0,0,0,0,0,0,0,0,0,0,-176,-581,-732,-275,285,-6,-292,-5,484,713,417,162,6,0,0,0,0,0,0,0,0,0,0,0,-151,-405,-566,-291,-25,-85,-45,378,567,418,188,17,0,0,0,0,0,0,0,0,0,0,0,0,-151,-405,-507,-355,-67,204,422,472,303,84,0,0,0,0,0,0,0,0,0,0
0,0,0,0,0,0,0,0,0,0,0,-100,-195,-254,27,295,449,327,73,0,0,0,0,0,0,0,0,0,0,0,0,0,0,-55,-222,-249,-181,249,702,934,691,265,64,0,0,0,0,0,0,0,0,0,0,0,0,0,0,-136,-253,-170,225,752,1000,953,425,-100,-69,0,0,0,0,0,0,0,0,0,0,0,0,0,-68,-254,-206,-76,544,909,734,419,46,-60,-64,0,0,0,0,0,0,0,0,0,0,0,0,-83,-254,-240,-207,348,1094,1019,668,174,-120,-22,162,339,212,26,0,0,0,0,0,0,0,0,-26,-190,-253,-213,169,1241,1516,619,117,-61,-66,338,785,718,406,127,0,0,0,0,0,0,0,0,-64,-236,-335,-145,948,1792,731,-113,-141,53,503,916,1284,735,55,-9,0,0,0,0,0,0,0,0,-114,-362,-514,343,1654,1179,-64,-288,187,626,861,1031,792,254,-109,-127,0,0,0,0,0,0,0,0,-43,-479,-456,779,1559,662,-32,237,613,951,807,776,504,16,-54,-17,0,0,0,0,0,0,0,0,-64,-414,-305,874,1205,491,277,675,1107,916,741,610,353,131,0,0,0,0,0,0,0,0,0,0,-114,-311,-200,523,931,601,556,1171,1218,716,420,275,88,17,0,0,0,0,0,0,0,0,0,0,-17,-196,-194,222,516,797,1224,1585,973,268,118,13,0,0,0,0,0,0,0,0,0,0,0,0,-38,-294,-285,161,788,1155,1585,1331,615,377,103,0,0,0,0,0,0,0,0,0,0,0,0,0,-138,-358,-272,435,1223,1271,1094,933,598,488,228,17,0,0,0,0,0,0,0,0,0,0,0,-66,-232,-272,-121,961,1353,455,377,792,858,592,184,17,0,0,0,0,0,0,0,0,0,0,0,-161,-291,-372,298,1521,960,-105,127,904,1258,751,110,17,0,0,0,0,0,0,0,0,0,0,-60,-255,-411,-160,1206,1662,171,-293,315,1322,1770,678,-99,-17,0,0,0,0,0,0,0,0,0,0,-176,-320,-406,432,1723,939,-281,-224,742,1803,1596,333,-213,-34,0,0,0,0,0,0,0,0,0,0,-151,-475,-367,891,1515,456,-74,375,1212,1878,976,-77,-103,0,0,0,0,0,0,0,0,0,0,0,-211,-685,-166,1329,1269,498,509,987,1450,1189,325,-116,-6,0,0,0,0,0,0,0,0,0,0,0,-176,-345,466,1343,759,123,435,859,978,454,-45,-17,0,0,0,0,0,0,0,0,0,0,0,0,-151,-229,317,555,106,100,568,761,436,95,6,0,0,0,0,0,0,0,0,0,0,0,0,0,-151,-103,303,416,373,600,719,502,188,17,0,0,0,0,0,0,0,0,0,0,0,0,0,0,0,151,405,507,506,472,303,84,0,0,0,0,0,0,0,0,0,0,0,0
0,0,0,0,0,0,0,0,0,0,0,0,0,-100,-195,-154,122,254,73,0,0,0,0,0,0,0,0,0,0,0,0,0,0,0,0,45,-127,-235,-390,-106,294,382,137,0,0,0,0,0,0,0,0,0,0,0,0,0,0,55,167,-64,-393,-432,-289,42,378,395,141,0,0,0,0,0,0,0,0,0,0,0,0,0,0,191,216,-346,-413,124,461,292,437,214,68,0,0,0,0,0,0,0,0,0,0,0,0,0,68,294,-31,-242,86,499,217,44,3,105,-96,127,186,26,0,0,0,0,0,0,0,0,0,83,213,-20,-448,-135,330,257,55,11,-120,-392,-195,253,439,153,0,0,0,0,0,0,0,0,26,247,212,-391,-593,48,444,194,-104,-25,-198,-548,-200,461,510,170,0,0,0,0,0,0,0,0,90,419,170,-668,-591,319,583,185,-139,-151,25,-11,82,507,350,144,0,0,0,0,0,0,0,0,204,527,103,-960,-677,581,791,-13,-228,178,488,378,77,288,358,43,0,0,0,0,0,0,0,0,195,647,161,-1056,-827,515,509,23,196,574,336,25,-31,-60,143,127,0,0,0,0,0,0,0,0,131,665,410,-848,-935,273,537,277,515,164,-11,-92,-30,137,54,17,0,0,0,0,0,0,0,0,17,437,652,-488,-840,-75,353,386,353,177,-46,104,98,13,0,0,0,0,0,0,0,0,0,0,0,280,578,-208,-782,-313,33,55,512,352,272,34,0,0,0,0,0,0,0,0,0,0,0,0,38,373,272,-267,-198,-230,-618,-257,411,744,320,17,0,0,0,0,0,0,0,0,0,0,0,0,176,317,-325,-354,440,476,-538,-693,167,722,567,34,0,0,0,0,0,0,0,0,0,0,0,66,342,64,-591,-292,869,897,-329,-1148,-109,873,717,68,0,0,0,0,0,0,0,0,0,0,0,227,336,-348,-701,-57,844,899,-317,-1368,-280,1045,729,51,0,0,0,0,0,0,0,0,0,0,60,422,106,-736,-518,344,716,423,-293,-1025,-66,890,573,51,0,0,0,0,0,0,0,0,0,0,236,434,-202,-916,-273,615,528,61,-245,-134,135,629,379,17,0,0,0,0,0,0,0,0,0,0,387,496,-350,-945,-208,532,330,160,63,125,168,242,225,34,0,0,0,0,0,0,0,0,0,0,478,636,-305,-789,-156,386,378,153,115,-30,218,174,103,0,0,0,0,0,0,0,0,0,0,0,302,508,-64,-448,237,508,230,34,-55,75,99,150,6,0,0,0,0,0,0,0,0,0,0,0,151,405,205,-2,209,218,-152,-187,-81,59,154,17,0,0,0,0,0,0,0,0,0,0,0,0,0,0,-151,-405,-356,-252,-219,-50,135,84,0,0,0,0,0,0,0,0,0,0
0,0,0,0,0,0,0,0,0,0,0,100,195,154,-222,-449,-327,-73,0,0,0,0,0,0,0,0,0,0,0,0,0,0,0,55,222,294,254,6,-289,-545,-265,-64,0,0,0,0,0,0,0,0,0,0,0,0,0,0,0,191,530,605,257,199,269,457,441,323,73,0,0,0,0,0,0,0,0,0,0,0,0,0,68,445,749,559,517,897,1264,995,497,192,64,0,0,0,0,0,0,0,0,0,0,0,0,83,322,560,444,262,655,933,887,675,342,-123,-335,-212,-26,0,0,0,0,0,0,0,0,0,26,273,632,525,-125,70,610,709,407,343,284,-260,-666,-406,-127,0,0,0,0,0,0,0,0,0,90,535,900,335,10,385,672,534,393,320,229,44,-44,150,195,26,0,0,0,0,0,0,0,0,204,769,912,277,286,799,758,603,292,321,675,1010,971,642,380,127,0,0,0,0,0,0,0,0,195,835,1008,537,446,720,741,298,397,705,1088,1287,946,440,88,17,0,0,0,0,0,0,0,0,105,573,1289,1152,692,665,468,341,694,1034,830,521,212,30,0,0,0,0,0,0,0,0,0,0,-47,315,1242,1579,1035,715,564,579,878,605,290,30,0,0,0,0,0,0,0,0,0,0,0,0,-114,44,1010,1640,1318,643,405,586,487,217,6,0,0,0,0,0,0,0,0,0,0,0,0,0,21,186,637,1124,1290,1083,486,54,-126,-98,0,0,0,0,0,0,0,0,0,0,0,0,0,0,176,507,454,370,1146,1720,1163,48,-235,-149,-17,0,0,0,0,0,0,0,0,0,0,0,0,66,408,628,166,71,1083,2178,1744,509,-98,61,86,0,0,0,0,0,0,0,0,0,0,0,0,227,689,577,1,135,753,1611,1802,685,7,177,194,17,0,0,0,0,0,0,0,0,0,0,60,482,821,220,46,430,631,940,1052,560,222,403,270,17,0,0,0,0,0,0,0,0,0,0,236,730,641,82,385,860,726,483,337,592,659,551,287,34,0,0,0,0,0,0,0,0,0,0,387,933,612,401,742,848,591,119,295,832,875,391,103,0,0,0,0,0,0,0,0,0,0,0,478,988,931,841,828,600,339,482,774,949,509,162,6,0,0,0,0,0,0,0,0,0,0,0,242,731,1145,1323,1311,1209,972,1009,985,597,194,17,0,0,0,0,0,0,0,0,0,0,0,0,-25,302,990,1304,1355,1257,1065,818,485,101,0,0,0,0,0,0,0,0,0,0,0,0,0,0,-151,-103,244,329,253,225,132,67,0,0,0,0,0,0,0,0,0,0,0,0,0,0,0,0,-151,-254,-253,-253,-219,-84,0,0,0,0,0,0,0,0,0,0,0,0,0,0
0,0,0,0,0,0,0,0,0,0,0,0,-100,-195,-254,-173,-195,-254,-73,0,0,0,0,0,0,0,0,0,0,0,0,0,0,0,-55,-322,-444,-645,-718,-862,-758,-455,-137,0,0,0,0,0,0,0,0,0,0,0,0,0,0,-55,-358,-657,-933,-1232,-1305,-1096,-589,-205,-68,0,0,0,0,0,0,0,0,0,0,0,0,0,0,-259,-729,-716,-821,-1004,-848,-272,85,56,-4,0,0,0,0,0,0,0,0,0,0,0,0,0,-151,-589,-435,-430,-482,58,579,624,239,132,34,-153,-186,-26,0,0,0,0,0,0,0,0,0,-109,-512,-584,-170,-228,88,618,760,183,-139,-419,-608,-618,-465,-153,0,0,0,0,0,0,0,0,-26,-337,-701,-422,-247,-287,228,232,-89,-534,-1041,-1170,-1151,-884,-451,-144,0,0,0,0,0,0,0,0,-90,-457,-484,-261,-321,-190,-325,-357,-712,-1166,-1261,-1318,-760,-267,-62,-17,0,0,0,0,0,0,0,0,-152,-233,-183,-191,-263,-513,-740,-758,-1021,-1023,-408,57,283,402,313,26,0,0,0,0,0,0,0,0,-41,-26,44,-227,-481,-857,-1051,-787,-672,12,670,962,798,451,270,127,0,0,0,0,0,0,0,0,161,238,41,-359,-704,-839,-750,-546,136,774,928,678,354,242,71,17,0,0,0,0,0,0,0,0,131,397,197,-403,-610,-382,-305,-14,405,686,411,241,111,13,0,0,0,0,0,0,0,0,0,0,17,104,48,-30,-324,-190,-225,9,11,-30,100,34,0,0,0,0,0,0,0,0,0,0,0,0,-38,-249,-105,48,-247,-493,-290,-271,-529,-411,-308,-17,0,0,0,0,0,0,0,0,0,0,0,0,-242,-516,22,25,-231,-271,-359,-428,-506,-729,-481,-34,0,0,0,0,0,0,0,0,0,0,0,-66,-493,-415,-109,-121,288,217,-137,-253,-414,-611,-523,-51,0,0,0,0,0,0,0,0,0,0,0,-287,-564,-150,-222,-226,232,339,68,-178,-517,-355,-270,-34,0,0,0,0,0,0,0,0,0,0,-60,-526,-404,-88,-434,-418,-310,101,-113,-556,-462,-24,119,17,0,0,0,0,0,0,0,0,0,0,-236,-433,-219,-342,-598,-682,-630,-500,-409,-467,-110,344,281,17,0,0,0,0,0,0,0,0,0,0,-267,-243,-194,-559,-823,-1055,-837,-641,-347,119,461,373,253,34,0,0,0,0,0,0,0,0,0,0,-66,61,-121,-430,-656,-634,-352,28,380,570,513,260,103,0,0,0,0,0,0,0,0,0,0,0,176,430,260,171,420,698,798,845,767,570,267,156,6,0,0,0,0,0,0,0,0,0,0,0,302,659,819,997,1216,1269,1085,832,525,264,171,17,0,0,0,0,0,0,0,0,0,0,0,0,151,405,658,760,876,810,556,337,219,84,0,0,0,0,0,0,0,0,0,0
0,0,0,0,0,0,0,0,0,0,0,0,100,295,449,227,-122,-254,-73,0,0,0,0,0,0,0,0,0,0,0,0,0,0,0,55,177,376,471,518,170,-294,-382,-137,0,0,0,0,0,0,0,0,0,0,0,0,0,0,-55,-31,317,618,520,302,62,-183,-141,-68,0,0,0,0,0,0,0,0,0,0,0,0,0,0,-123,38,597,821,475,247,44,-20,-13,-4,0,0,0,0,0,0,0,0,0,0,0,0,0,15,15,548,880,581,305,328,154,170,339,199,-127,-186,-26,0,0,0,0,0,0,0,0,0,-57,-23,409,1146,897,131,34,234,227,426,713,386,-253,-439,-153,0,0,0,0,0,0,0,0,-26,-183,92,991,1320,281,-214,32,324,406,494,628,234,-308,-324,-144,0,0,0,0,0,0,0,0,-90,-222,503,1506,1002,-197,-254,276,518,454,467,375,130,-94,-71,-17,0,0,0,0,0,0,0,0,-178,-268,812,1845,866,-396,-140,507,667,379,481,469,130,4,0,0,0,0,0,0,0,0,0,0,-131,-257,711,1594,922,22,155,658,559,362,393,303,144,0,0,0,0,0,0,0,0,0,0,0,-17,-120,419,1185,951,632,592,526,270,203,232,71,17,0,0,0,0,0,0,0,0,0,0,0,0,-64,259,919,1144,1289,965,228,-196,27,13,0,0,0,0,0,0,0,0,0,0,0,0,0,0,-135,284,1059,1149,1386,1088,251,-370,-324,-103,0,0,0,0,0,0,0,0,0,0,0,0,0,-38,-130,527,1140,694,726,1103,754,-88,-481,-314,-17,0,0,0,0,0,0,0,0,0,0,0,0,-110,0,983,1145,113,173,905,1294,389,-472,-464,-34,0,0,0,0,0,0,0,0,0,0,0,-66,-143,486,1328,732,-218,106,932,1545,624,-438,-506,-51,0,0,0,0,0,0,0,0,0,0,0,-167,57,1122,1321,63,-395,319,1167,1562,309,-456,-356,-34,0,0,0,0,0,0,0,0,0,0,-60,-180,512,1494,800,-282,-220,602,1311,1148,-68,-376,-109,0,0,0,0,0,0,0,0,0,0,0,-236,-122,1097,1667,428,-235,189,774,1126,558,-255,-173,-6,0,0,0,0,0,0,0,0,0,0,0,-327,30,1422,1509,350,47,395,747,617,204,-131,-17,0,0,0,0,0,0,0,0,0,0,0,0,-302,30,905,771,244,432,686,730,379,42,0,0,0,0,0,0,0,0,0,0,0,0,0,0,-151,224,660,488,487,755,787,499,173,6,0,0,0,0,0,0,0,0,0,0,0,0,0,0,0,302,508,414,431,472,331,171,17,0,0,0,0,0,0,0,0,0,0,0,0,0,0,0,0,151,254,253,253,219,84,0,0,0,0,0,0,0,0,0,0,0,0,0
0,0,0,0,0,0,0,0,0,0,0,100,295,549,622,622,522,327,73,0,0,0,0,0,0,0,0,0,0,0,0,0,0,55,277,526,862,1085,1253,945,682,265,64,0,0,0,0,0,0,0,0,0,0,0,0,0,0,136,444,836,1006,1173,860,335,-216,-246,-69,0,0,0,0,0,0,0,0,0,0,0,0,0,68,322,609,639,597,228,-242,-575,-605,-261,-64,0,0,0,0,0,0,0,0,0,0,0,0,83,337,535,554,492,179,-598,-1019,-456,123,297,374,365,212,26,0,0,0,0,0,0,0,0,26,216,552,705,547,300,-239,-683,-222,400,945,1127,1005,819,406,127,0,0,0,0,0,0,0,0,64,326,632,535,448,39,-422,-2,755,1089,1319,1253,780,227,3,-9,0,0,0,0,0,0,0,0,114,348,509,522,244,24,104,769,1093,1077,792,338,-233,-608,-389,-127,0,0,0,0,0,0,0,0,-9,166,413,412,348,502,872,946,900,421,-445,-868,-744,-549,-215,-17,0,0,0,0,0,0,0,0,-64,-155,168,437,449,821,988,779,109,-644,-1019,-862,-476,-84,-17,0,0,0,0,0,0,0,0,0,-114,-212,45,517,631,464,538,27,-598,-965,-690,-216,-30,0,0,0,0,0,0,0,0,0,0,0,-17,-254,-83,538,700,477,50,-158,-579,-431,-53,0,0,0,0,0,0,0,0,0,0,0,0,0,38,152,35,290,614,548,226,79,241,337,103,0,0,0,0,0,0,0,0,0,0,0,0,0,138,324,345,167,334,356,154,286,554,505,228,17,0,0,0,0,0,0,0,0,0,0,0,66,298,500,374,129,-150,-218,262,303,262,386,184,17,0,0,0,0,0,0,0,0,0,0,0,161,442,504,454,192,-525,-483,479,528,261,226,76,17,0,0,0,0,0,0,0,0,0,0,60,315,545,484,406,173,-325,-46,458,716,345,-107,-150,-17,0,0,0,0,0,0,0,0,0,0,176,424,526,505,401,192,225,517,575,611,23,-494,-298,-34,0,0,0,0,0,0,0,0,0,0,151,420,501,622,648,552,869,924,505,-40,-434,-587,-137,0,0,0,0,0,0,0,0,0,0,0,91,301,544,734,798,873,885,476,-210,-733,-671,-265,-6,0,0,0,0,0,0,0,0,0,0,0,-176,-163,-74,-152,-266,-253,-338,-736,-913,-765,-344,-23,0,0,0,0,0,0,0,0,0,0,0,0,-151,-430,-415,-553,-934,-1029,-1092,-986,-706,-261,-17,0,0,0,0,0,0,0,0,0,0,0,0,0,-151,-405,-507,-565,-651,-590,-500,-390,-101,0,0,0,0,0,0,0,0,0,0,0,0,0,0,0,0,-151,-254,-253,-253,-219,-84,0,0,0,0,0,0,0,0,0,0,0,0,0
0,0,0,0,0,0,0,0,0,0,0,100,195,254,73,0,0,0,0,0,0,0,0,0,0,0,0,0,0,0,0,0,0,55,222,349,531,677,686,522,327,73,0,0,0,0,0,0,0,0,0,0,0,0,0,0,0,191,530,751,950,1143,1230,1050,714,391,73,0,0,0,0,0,0,0,0,0,0,0,0,0,68,390,595,804,1033,1087,1092,882,640,450,137,0,0,0,0,0,0,0,0,0,0,0,0,83,322,452,387,526,501,344,436,659,527,171,68,0,0,0,0,0,0,0,0,0,0,0,26,273,590,517,314,216,98,283,427,593,693,518,369,212,26,0,0,0,0,0,0,0,0,0,90,452,694,534,543,413,469,698,686,799,1042,1195,1011,745,339,26,0,0,0,0,0,0,0,0,178,496,564,472,662,916,1033,953,879,1048,1169,1345,1152,874,583,153,0,0,0,0,0,0,0,0,105,383,491,584,968,1299,1179,944,1023,861,649,694,746,566,341,144,0,0,0,0,0,0,0,0,-73,-6,463,1010,1470,1644,1199,803,669,384,219,209,250,238,71,17,0,0,0,0,0,0,0,0,-178,-341,225,1137,1732,1726,1215,532,273,221,194,174,94,13,0,0,0,0,0,0,0,0,0,0,-131,-402,8,938,1479,1358,994,499,276,326,196,34,0,0,0,0,0,0,0,0,0,0,0,0,21,-26,-139,448,1167,1357,1195,819,505,195,6,0,0,0,0,0,0,0,0,0,0,0,0,0,176,317,-7,129,809,1549,1819,1453,891,187,0,0,0,0,0,0,0,0,0,0,0,0,0,66,370,388,147,141,387,1317,1922,1655,1336,655,120,0,0,0,0,0,0,0,0,0,0,0,0,227,513,358,363,230,67,704,1287,1376,1423,996,348,17,0,0,0,0,0,0,0,0,0,0,60,416,511,279,481,550,424,331,546,1094,1275,1063,515,34,0,0,0,0,0,0,0,0,0,0,236,503,386,418,734,997,913,405,350,986,1041,896,540,51,0,0,0,0,0,0,0,0,0,0,327,517,428,765,1076,1303,1157,618,462,783,870,616,356,34,0,0,0,0,0,0,0,0,0,0,242,419,628,1168,1571,1571,1134,684,577,614,643,416,109,0,0,0,0,0,0,0,0,0,0,0,-85,-13,528,1248,1785,1602,900,510,523,569,432,173,6,0,0,0,0,0,0,0,0,0,0,0,-327,-533,-83,385,673,635,318,317,394,325,171,17,0,0,0,0,0,0,0,0,0,0,0,0,-302,-659,-668,-592,-499,-330,-165,65,202,84,0,0,0,0,0,0,0,0,0,0,0,0,0,0,-151,-405,-507,-506,-472,-303,-84,0,0,0,0,0,0,0,0,0,0,0,0,0
0,0,0,0,0,0,0,0,0,0,0,0,0,0,-100,-295,-449,-327,-73,0,0,0,0,0,0,0,0,0,0,0,0,0,0,0,0,0,45,-82,-317,-707,-813,-519,-137,0,0,0,0,0,0,0,0,0,0,0,0,0,0,0,55,222,58,-430,-921,-1029,-914,-536,-141,0,0,0,0,0,0,0,0,0,0,0,0,0,0,0,136,185,-188,-788,-946,-1029,-914,-536,-141,0,0,0,0,0,0,0,0,0,0,0,0,0,0,68,226,-32,-690,-1020,-1085,-942,-719,-295,-234,-339,-212,-26,0,0,0,0,0,0,0,0,0,0,83,228,22,-595,-1098,-1231,-878,-545,-182,-207,-590,-845,-592,-153,0,0,0,0,0,0,0,0,0,26,190,231,-227,-1143,-1465,-961,-294,-76,-277,-570,-963,-1141,-680,-170,0,0,0,0,0,0,0,0,0,64,319,260,-781,-1707,-1423,-331,-19,-370,-620,-901,-1171,-1154,-680,-170,0,0,0,0,0,0,0,0,0,140,443,192,-1090,-2001,-1069,-173,-350,-789,-969,-939,-1074,-1001,-494,-144,0,0,0,0,0,0,0,0,0,81,461,243,-1085,-1764,-1088,-446,-830,-1036,-1016,-1002,-838,-562,-215,-17,0,0,0,0,0,0,0,0,0,114,343,218,-786,-1518,-1120,-1012,-1106,-1172,-965,-626,-349,-84,-17,0,0,0,0,0,0,0,0,0,0,17,330,369,-417,-1271,-1594,-1575,-1587,-990,-471,-145,-13,0,0,0,0,0,0,0,0,0,0,0,0,0,175,432,-256,-1160,-1635,-2024,-1735,-831,-143,0,0,0,0,0,0,0,0,0,0,0,0,0,0,38,326,239,-540,-1170,-1373,-1675,-1655,-902,-331,-17,0,0,0,0,0,0,0,0,0,0,0,0,0,138,272,-171,-960,-1021,-804,-1116,-1537,-1397,-601,-34,0,0,0,0,0,0,0,0,0,0,0,0,66,270,143,-706,-1312,-886,-150,-620,-1646,-1824,-888,-68,0,0,0,0,0,0,0,0,0,0,0,0,161,331,-210,-1281,-1525,-453,211,-447,-1787,-1936,-888,-68,0,0,0,0,0,0,0,0,0,0,0,60,321,203,-823,-1626,-1198,-145,66,-775,-1811,-1742,-683,-51,0,0,0,0,0,0,0,0,0,0,0,176,415,-61,-1276,-1736,-885,-301,-512,-1125,-1682,-1295,-413,-34,0,0,0,0,0,0,0,0,0,0,0,211,509,-170,-1538,-1711,-909,-614,-953,-1318,-1349,-789,-143,0,0,0,0,0,0,0,0,0,0,0,0,327,508,-212,-1220,-1123,-619,-795,-1068,-1231,-842,-282,-6,0,0,0,0,0,0,0,0,0,0,0,0,151,254,-317,-886,-742,-620,-846,-1023,-746,-344,-23,0,0,0,0,0,0,0,0,0,0,0,0,0,151,254,-49,-406,-449,-600,-725,-550,-255,-17,0,0,0,0,0,0,0,0,0,0,0,0,0,0,0,0,-151,-254,-253,-253,-219,-84,0,0,0,0,0,0,0,0,0,0,0
0,0,0,0,0,0,0,0,0,0,0,0,100,195,254,73,0,0,0,0,0,0,0,0,0,0,0,0,0,0,0,0,0,0,55,322,544,685,355,42,-59,181,73,0,0,0,0,0,0,0,0,0,0,0,0,0,0,55,413,824,950,734,505,54,-87,-190,-9,0,0,0,0,0,0,0,0,0,0,0,0,0,0,259,920,1200,970,742,342,29,-161,-119,-60,0,0,0,0,0,0,0,0,0,0,0,0,0,151,767,1256,1145,920,881,321,-253,-189,100,22,0,0,0,0,0,0,0,0,0,0,0,0,109,595,1205,1291,942,757,174,-72,178,464,388,13,-33,160,26,0,0,0,0,0,0,0,0,26,363,1084,1452,933,496,82,44,358,781,951,572,97,-153,-60,101,0,0,0,0,0,0,0,0,90,713,1547,1438,510,-23,99,501,1023,1055,1057,575,5,-99,-199,-110,0,0,0,0,0,0,0,0,204,983,1864,1320,155,33,655,1167,1011,1165,1022,530,-138,-398,-97,-17,0,0,0,0,0,0,0,0,221,1125,1871,1309,168,393,1155,1175,1061,884,625,81,-220,-266,-127,0,0,0,0,0,0,0,0,0,195,999,1786,1417,717,731,1039,1041,753,375,-142,-199,-208,-71,-17,0,0,0,0,0,0,0,0,0,131,804,1671,1645,1167,1185,944,479,120,-314,-221,-111,-13,0,0,0,0,0,0,0,0,0,0,0,17,560,1713,2005,1570,1152,612,-77,-257,-129,-34,0,0,0,0,0,0,0,0,0,0,0,0,0,38,677,1656,1831,1594,1360,426,-296,-417,57,103,0,0,0,0,0,0,0,0,0,0,0,0,0,242,1072,1531,1244,1276,1229,788,79,-313,-203,91,17,0,0,0,0,0,0,0,0,0,0,0,66,635,1369,1206,716,976,1312,1340,547,-382,-253,25,0,0,0,0,0,0,0,0,0,0,0,0,287,1143,1570,792,198,514,1599,1929,623,-363,-356,-34,17,0,0,0,0,0,0,0,0,0,0,60,718,1566,1324,390,22,595,1689,1912,545,-299,-313,-167,-34,0,0,0,0,0,0,0,0,0,0,236,1123,1755,1000,351,381,908,1641,1425,542,-368,-357,-114,0,0,0,0,0,0,0,0,0,0,0,387,1462,1872,1075,459,726,1252,1366,934,121,-309,-392,-40,0,0,0,0,0,0,0,0,0,0,0,538,1555,1711,936,530,764,1146,952,348,-308,-425,-120,0,0,0,0,0,0,0,0,0,0,0,0,478,1240,1249,764,634,827,708,221,-277,-322,-156,-6,0,0,0,0,0,0,0,0,0,0,0,0,302,810,922,694,649,642,324,-65,-230,-171,-17,0,0,0,0,0,0,0,0,0,0,0,0,0,151,405,507,355,218,50,-169,-219,-84,0,0,0,0,0,0,0,0,0,0,0
0,0,0,0,0,0,0,0,0,0,0,-100,-295,-549,-622,-622,-522,-327,-73,0,0,0,0,0,0,0,0,0,0,0,0,0,0,-55,-277,-526,-762,-990,-1094,-931,-501,-192,-64,0,0,0,0,0,0,0,0,0,0,0,0,0,0,-136,-389,-569,-729,-710,-746,-458,-169,-17,-4,0,0,0,0,0,0,0,0,0,0,0,0,0,-68,-267,-251,-373,-403,-320,66,47,-4,0,0,0,0,0,0,0,0,0,0,0,0,0,0,-83,-337,-386,-282,-329,-253,151,314,152,-279,-378,-378,-365,-212,-26,0,0,0,0,0,0,0,0,-26,-216,-401,-416,-554,-425,76,113,-50,-420,-754,-1085,-1012,-659,-380,-127,0,0,0,0,0,0,0,0,-64,-217,-282,-447,-509,-288,-112,-197,-574,-840,-963,-1047,-819,-440,-88,-17,0,0,0,0,0,0,0,0,-88,-177,-255,-391,-518,-408,-511,-622,-805,-808,-452,-264,-169,-30,0,0,0,0,0,0,0,0,0,0,47,20,-210,-517,-558,-811,-862,-726,-555,-301,-11,376,313,26,0,0,0,0,0,0,0,0,0,0,114,227,62,-422,-808,-802,-853,-563,-278,142,412,324,270,127,0,0,0,0,0,0,0,0,0,0,17,234,220,-195,-689,-787,-542,-362,163,360,266,225,71,17,0,0,0,0,0,0,0,0,0,0,0,22,273,83,-564,-799,-737,-173,-45,149,111,13,0,0,0,0,0,0,0,0,0,0,0,0,-38,-154,-75,83,-333,-926,-800,-557,-399,-314,-103,0,0,0,0,0,0,0,0,0,0,0,0,0,-138,-306,-159,-98,-41,-339,-710,-708,-743,-481,-228,-17,0,0,0,0,0,0,0,0,0,0,0,-66,-260,-226,-344,-238,244,283,-338,-818,-781,-540,-270,-17,0,0,0,0,0,0,0,0,0,0,0,-161,-276,-268,-435,-381,76,315,42,-708,-907,-557,-287,-34,0,0,0,0,0,0,0,0,0,0,-60,-249,-290,-396,-471,-321,-308,-24,-35,-461,-744,-391,-103,0,0,0,0,0,0,0,0,0,0,0,-176,-269,-244,-469,-559,-434,-507,-536,-340,-357,-281,-145,-6,0,0,0,0,0,0,0,0,0,0,0,-91,-150,-374,-679,-759,-896,-857,-735,-529,-85,93,0,0,0,0,0,0,0,0,0,0,0,0,0,25,-91,-481,-775,-924,-925,-748,-393,-100,255,253,34,0,0,0,0,0,0,0,0,0,0,0,0,151,430,324,252,229,108,189,247,410,260,103,0,0,0,0,0,0,0,0,0,0,0,0,0,151,405,683,668,470,359,361,408,261,156,6,0,0,0,0,0,0,0,0,0,0,0,0,0,0,151,405,507,414,397,337,247,171,17,0,0,0,0,0,0,0,0,0,0,0,0,0,0,0,0,151,254,253,253,219,84,0,0,0,0,0,0,0,0,0,0,0,0
0,0,0,0,0,0,0,0,0,0,0,100,195,354,268,154,-122,-254,-73,0,0,0,0,0,0,0,0,0,0,0,0,0,0,55,222,204,263,168,300,228,-40,-309,-137,0,0,0,0,0,0,0,0,0,0,0,0,0,0,81,31,167,382,490,333,352,199,-4,-68,0,0,0,0,0,0,0,0,0,0,0,0,0,68,118,-34,133,466,405,512,481,194,55,-4,0,0,0,0,0,0,0,0,0,0,0,0,83,186,-41,-51,353,558,619,809,596,158,-71,100,-127,-186,-26,0,0,0,0,0,0,0,0,26,107,25,70,434,794,719,609,419,162,105,286,322,-67,-413,-153,0,0,0,0,0,0,0,0,38,46,-21,163,953,1025,626,231,65,113,142,354,466,131,-171,-144,0,0,0,0,0,0,0,0,50,-66,-100,735,1481,886,-26,-41,81,141,263,565,624,256,73,-17,0,0,0,0,0,0,0,0,-123,-218,145,1405,1810,255,-514,-75,331,310,496,805,650,75,-169,-26,0,0,0,0,0,0,0,0,-81,-345,200,1528,1757,310,-562,110,527,602,792,698,271,-109,-253,-127,0,0,0,0,0,0,0,0,-114,-174,264,1136,1307,288,60,510,751,759,460,55,-165,-208,-71,-17,0,0,0,0,0,0,0,0,-17,-131,118,814,1100,776,792,909,387,80,-129,-215,-111,-13,0,0,0,0,0,0,0,0,0,0,38,63,-38,608,1152,1097,1334,946,-247,-544,-306,-34,0,0,0,0,0,0,0,0,0,0,0,0,100,-73,-80,662,1055,991,1324,905,-19,-568,-320,-17,0,0,0,0,0,0,0,0,0,0,0,66,94,-123,223,908,718,514,792,993,642,-163,-447,-34,0,0,0,0,0,0,0,0,0,0,0,95,-17,-64,630,1028,469,174,569,1058,912,-53,-472,-51,0,0,0,0,0,0,0,0,0,0,60,94,-124,188,1187,1003,92,-72,549,1265,807,-178,-408,-34,0,0,0,0,0,0,0,0,0,0,116,-67,-130,807,1437,690,-193,-147,614,1417,687,-239,-286,-17,0,0,0,0,0,0,0,0,0,0,-25,-161,288,1535,1396,157,-251,-26,751,1166,580,-266,-259,-17,0,0,0,0,0,0,0,0,0,0,-60,-255,584,1833,1198,-136,-306,338,945,1017,284,-230,-253,-34,0,0,0,0,0,0,0,0,0,0,-327,-448,467,1251,658,37,383,955,1029,547,-128,-254,-103,0,0,0,0,0,0,0,0,0,0,0,-151,-78,571,808,334,319,832,992,541,-58,-238,-156,-6,0,0,0,0,0,0,0,0,0,0,0,-151,-103,303,416,222,346,558,324,-65,-230,-171,-17,0,0,0,0,0,0,0,0,0,0,0,0,0,151,405,507,355,218,50,-169,-219,-84,0,0,0,0,0,0,0,0,0,0
0,0,0,0,0,0,0,0,0,0,0,0,0,0,0,0,0,0,0,0,0,0,0,0,0,0,0,0,0,0,0,0,0,0,0,-100,-95,-59,281,268,254,73,0,0,0,0,0,0,0,0,0,0,0,0,0,0,0,-55,-167,-127,-227,-119,86,522,577,391,73,0,0,0,0,0,0,0,0,0,0,0,0,0,0,-191,-394,-543,-452,-308,-109,-9,50,123,64,0,0,0,0,0,0,0,0,0,0,0,0,0,-68,-377,-563,-698,-477,-142,-230,-314,-345,-120,4,0,0,0,0,0,0,0,0,0,0,0,0,-83,-239,-334,-304,-207,-27,-268,-364,-468,-178,105,179,186,26,0,0,0,0,0,0,0,0,0,-26,-247,-468,-464,-14,329,91,-325,-334,-314,-246,116,520,592,339,26,0,0,0,0,0,0,0,0,-90,-471,-686,-339,-37,148,-214,-236,-313,-427,-344,-152,196,365,371,127,0,0,0,0,0,0,0,0,-204,-572,-568,-274,-125,-211,-299,-458,-450,-358,-263,-283,-312,-270,-65,17,0,0,0,0,0,0,0,0,-169,-685,-699,-297,-144,-140,-439,-424,-284,-89,-154,-293,-442,-328,-144,0,0,0,0,0,0,0,0,0,-67,-463,-959,-933,-615,-246,-6,-189,15,-74,-298,-326,-238,-71,-17,0,0,0,0,0,0,0,0,0,97,-184,-820,-1229,-1232,-366,92,236,-156,-281,-256,-111,-13,0,0,0,0,0,0,0,0,0,0,0,17,-55,-589,-1030,-1170,-398,233,142,-155,-204,-34,0,0,0,0,0,0,0,0,0,0,0,0,0,-38,-283,-365,-768,-981,-614,-31,404,382,176,0,0,0,0,0,0,0,0,0,0,0,0,0,0,-176,-354,-279,-386,-756,-1189,-834,103,685,559,120,0,0,0,0,0,0,0,0,0,0,0,0,-66,-342,-482,-314,-3,-291,-1248,-1380,-628,244,614,245,17,0,0,0,0,0,0,0,0,0,0,0,-227,-490,-377,-147,169,-162,-695,-1162,-790,-156,428,287,17,0,0,0,0,0,0,0,0,0,0,-60,-422,-526,-259,-54,26,-263,-417,-634,-534,-189,128,253,34,0,0,0,0,0,0,0,0,0,0,-236,-488,-463,-264,-69,-222,-397,-433,-267,-213,-129,-177,52,0,0,0,0,0,0,0,0,0,0,0,-387,-687,-503,-228,-150,-387,-421,-182,25,-45,-193,-194,-28,0,0,0,0,0,0,0,0,0,0,0,-418,-683,-710,-622,-456,-280,-105,-35,-43,-242,-228,-92,0,0,0,0,0,0,0,0,0,0,0,0,-126,-556,-1000,-1253,-1053,-471,-205,-174,-363,-348,-173,-6,0,0,0,0,0,0,0,0,0,0,0,0,0,-151,-497,-884,-980,-723,-563,-539,-331,-171,-17,0,0,0,0,0,0,0,0,0,0,0,0,0,151,254,253,102,-35,-169,-253,-219,-84,0,0,0,0,0,0,0,0,0,0,0
0,0,0,0,0,0,0,0,0,0,0,100,295,449,227,-222,-449,-327,-73,0,0,0,0,0,0,0,0,0,0,0,0,0,0,55,277,371,135,-462,-901,-1043,-886,-519,-137,0,0,0,0,0,0,0,0,0,0,0,0,0,0,81,112,-148,-880,-1727,-1882,-1313,-602,-209,-68,0,0,0,0,0,0,0,0,0,0,0,0,0,68,131,-261,-1144,-1913,-1987,-1248,-535,-169,-17,-4,0,0,0,0,0,0,0,0,0,0,0,0,83,269,-74,-982,-1586,-1432,-608,107,404,589,272,-140,-339,-212,-26,0,0,0,0,0,0,0,0,26,133,38,-580,-1069,-1137,-522,363,723,580,176,-233,-697,-871,-592,-153,0,0,0,0,0,0,0,0,38,1,-428,-1081,-1088,-716,36,541,426,-316,-1259,-1712,-1499,-955,-468,-144,0,0,0,0,0,0,0,0,24,-232,-752,-888,-809,-507,197,70,-884,-1949,-2313,-1818,-1070,-453,-88,-17,0,0,0,0,0,0,0,0,-187,-532,-474,-311,-471,-474,-546,-1295,-2075,-2096,-1305,-601,-33,156,26,0,0,0,0,0,0,0,0,0,-169,-539,-447,-109,-248,-923,-1837,-2101,-1641,-818,174,509,380,253,127,0,0,0,0,0,0,0,0,0,-67,-180,-202,-406,-807,-1688,-2154,-1467,-486,387,544,341,242,71,17,0,0,0,0,0,0,0,0,0,97,32,-216,-544,-1028,-1341,-1300,-692,0,293,241,111,13,0,0,0,0,0,0,0,0,0,0,0,55,221,-54,-790,-1151,-778,-438,-471,-543,-224,-69,0,0,0,0,0,0,0,0,0,0,0,0,0,100,32,-328,-946,-1401,-833,-401,-511,-813,-806,-331,-17,0,0,0,0,0,0,0,0,0,0,0,66,122,-249,-675,-1032,-1208,-861,-555,-567,-1027,-987,-498,-34,0,0,0,0,0,0,0,0,0,0,0,95,-60,-642,-852,-851,-562,-278,-459,-625,-1052,-1046,-557,-51,0,0,0,0,0,0,0,0,0,0,60,88,-350,-787,-881,-711,57,177,-613,-1058,-1187,-811,-390,-34,0,0,0,0,0,0,0,0,0,0,116,-112,-703,-854,-839,-373,119,-447,-1272,-1320,-1028,-342,-92,0,0,0,0,0,0,0,0,0,0,0,-85,-435,-565,-497,-592,-440,-853,-1534,-1598,-1135,-427,74,11,0,0,0,0,0,0,0,0,0,0,0,-236,-524,-355,-406,-899,-1487,-2088,-1862,-994,-280,93,236,34,0,0,0,0,0,0,0,0,0,0,0,-418,-749,-835,-1259,-1581,-1701,-1400,-639,-70,256,254,103,0,0,0,0,0,0,0,0,0,0,0,0,-126,-229,-492,-667,-588,-379,29,413,399,250,156,6,0,0,0,0,0,0,0,0,0,0,0,0,0,151,162,237,466,577,596,441,264,171,17,0,0,0,0,0,0,0,0,0,0,0,0,0,151,405,507,657,726,556,337,219,84,0,0,0,0,0,0,0,0,0,0,0
0,0,0,0,0,0,0,0,0,0,0,0,0,0,100,295,449,327,73,0,0,0,0,0,0,0,0,0,0,0,0,0,0,0,0,0,55,177,376,426,545,265,64,0,0,0,0,0,0,0,0,0,0,0,0,0,0,0,0,-155,-226,208,713,770,297,-100,-69,0,0,0,0,0,0,0,0,0,0,0,0,0,0,-55,-222,-262,346,916,754,276,-35,-60,-64,0,0,0,0,0,0,0,0,0,0,0,0,0,0,-136,-183,284,1192,1183,646,367,197,258,235,339,212,26,0,0,0,0,0,0,0,0,0,0,-68,-311,153,1351,1589,656,461,432,393,287,477,666,406,127,0,0,0,0,0,0,0,0,0,-83,-280,-134,964,1477,750,264,352,151,243,600,808,481,55,-9,0,0,0,0,0,0,0,0,-26,-190,-208,362,1317,1209,257,66,61,250,681,766,617,194,-109,-127,0,0,0,0,0,0,0,0,-64,-210,13,768,1274,870,211,35,407,863,1052,931,408,42,132,9,0,0,0,0,0,0,0,0,-114,-163,389,812,723,493,326,710,1168,1170,797,579,492,367,253,127,0,0,0,0,0,0,0,0,-17,-47,316,654,508,499,763,1226,1326,623,479,516,341,242,71,17,0,0,0,0,0,0,0,0,0,41,339,398,421,995,1433,1564,838,449,371,241,111,13,0,0,0,0,0,0,0,0,0,0,0,-88,86,536,879,1503,1393,1093,779,631,306,34,0,0,0,0,0,0,0,0,0,0,0,0,0,-85,-77,375,1270,1478,923,709,636,678,234,17,0,0,0,0,0,0,0,0,0,0,0,0,-38,-221,-13,891,1417,886,514,581,647,563,184,17,0,0,0,0,0,0,0,0,0,0,0,0,-138,-281,370,1369,1111,508,656,738,919,796,110,17,0,0,0,0,0,0,0,0,0,0,0,-66,-232,-8,1020,1410,519,387,658,1163,1341,838,4,-17,0,0,0,0,0,0,0,0,0,0,0,-161,-247,433,1432,1040,21,206,768,1538,1353,569,-2,-17,0,0,0,0,0,0,0,0,0,0,-60,-255,-96,939,1448,576,31,434,1280,1703,792,142,150,17,0,0,0,0,0,0,0,0,0,0,-176,-194,368,1077,867,334,573,1098,1361,1010,336,137,247,34,0,0,0,0,0,0,0,0,0,0,-151,-18,408,659,301,207,647,1008,913,374,203,237,103,0,0,0,0,0,0,0,0,0,0,0,-151,73,582,640,586,811,890,724,396,315,250,156,6,0,0,0,0,0,0,0,0,0,0,0,0,302,659,668,743,904,745,596,441,264,171,17,0,0,0,0,0,0,0,0,0,0,0,0,0,151,405,507,657,726,556,337,219,84,0,0,0,0,0,0,0,0,0,0
0,0,0,0,0,0,0,0,0,0,0,-100,-195,-354,-368,-449,-327,-73,0,0,0,0,0,0,0,0,0,0,0,0,0,0,0,-55,-222,-304,-513,-599,-549,-264,3,190,73,0,0,0,0,0,0,0,0,0,0,0,0,0,0,-136,-253,-261,-282,-282,-217,-6,341,378,137,0,0,0,0,0,0,0,0,0,0,0,0,0,-68,-199,3,-141,-491,-289,136,568,709,468,141,0,0,0,0,0,0,0,0,0,0,0,0,-83,-254,-132,-139,-572,-576,24,396,520,444,267,-198,-212,-26,0,0,0,0,0,0,0,0,0,-26,-190,-211,-80,-551,-1004,-285,440,517,148,-215,-428,-425,-227,59,26,0,0,0,0,0,0,0,0,-64,-153,-20,-266,-1064,-469,434,491,-4,-249,-317,-503,-272,292,422,153,0,0,0,0,0,0,0,0,-88,-63,-130,-761,-966,119,670,186,-235,-336,-275,-63,320,690,536,170,0,0,0,0,0,0,0,0,47,-15,-398,-1063,-768,414,675,88,-433,-246,-106,134,599,880,637,170,0,0,0,0,0,0,0,0,114,73,-633,-996,-374,632,581,-356,-483,-30,278,538,638,562,341,144,0,0,0,0,0,0,0,0,17,-58,-498,-736,-198,575,219,-454,-27,525,609,556,360,238,71,17,0,0,0,0,0,0,0,0,0,-126,-459,-572,-329,92,-197,-196,566,756,483,262,111,13,0,0,0,0,0,0,0,0,0,0,-38,-133,-276,-753,-930,-455,93,397,686,431,209,34,0,0,0,0,0,0,0,0,0,0,0,0,-138,-168,-168,-728,-833,-212,325,589,503,291,92,0,0,0,0,0,0,0,0,0,0,0,0,-66,-194,6,-370,-946,-371,277,437,342,353,312,297,17,0,0,0,0,0,0,0,0,0,0,0,-161,-115,-25,-789,-877,142,363,-24,-89,247,629,533,34,0,0,0,0,0,0,0,0,0,0,-60,-189,-35,-408,-1155,-299,551,281,-461,-750,206,1095,837,68,0,0,0,0,0,0,0,0,0,0,-176,-93,-62,-904,-970,221,706,28,-772,-959,384,1226,837,68,0,0,0,0,0,0,0,0,0,0,-91,1,-392,-1323,-706,460,496,-244,-948,-527,741,1169,649,51,0,0,0,0,0,0,0,0,0,0,25,-60,-923,-1290,-122,756,282,-473,-392,296,997,783,362,34,0,0,0,0,0,0,0,0,0,0,151,18,-499,-180,862,1045,327,-161,242,756,825,433,109,0,0,0,0,0,0,0,0,0,0,0,151,-73,-406,-84,498,387,-38,207,660,733,432,173,6,0,0,0,0,0,0,0,0,0,0,0,0,-302,-508,-263,125,289,336,479,539,331,171,17,0,0,0,0,0,0,0,0,0,0,0,0,0,-151,-254,-253,-102,35,169,253,219,84,0,0,0,0,0,0,0,0,0,0
0,0,0,0,0,0,0,0,0,0,0,-100,-295,-449,-227,22,59,-181,-73,0,0,0,0,0,0,0,0,0,0,0,0,0,0,-55,-277,-471,-530,-392,-319,145,341,263,9,0,0,0,0,0,0,0,0,0,0,0,0,0,0,-136,-444,-700,-371,157,593,829,811,510,133,0,0,0,0,0,0,0,0,0,0,0,0,0,-68,-322,-541,-294,461,1019,1483,1236,602,209,68,0,0,0,0,0,0,0,0,0,0,0,0,-83,-337,-507,-301,601,1295,1573,1054,170,-424,-255,118,33,-160,-26,0,0,0,0,0,0,0,0,-26,-216,-526,-544,370,1360,1436,598,-219,-665,-677,-530,73,339,86,-101,0,0,0,0,0,0,0,0,-64,-326,-636,-86,1182,1558,548,-335,-823,-613,-346,119,626,717,538,136,0,0,0,0,0,0,0,0,-114,-431,-472,615,1464,795,-312,-637,-414,-52,613,1210,1274,942,468,144,0,0,0,0,0,0,0,0,-17,-247,-198,541,1099,294,-637,-379,358,1180,1595,1556,900,267,62,17,0,0,0,0,0,0,0,0,26,147,99,161,277,198,-4,578,1442,1729,1448,616,-41,-223,-127,0,0,0,0,0,0,0,0,0,64,245,153,-162,-104,442,1254,1699,1578,1089,184,-189,-225,-71,-17,0,0,0,0,0,0,0,0,0,114,185,-22,-279,-89,883,1864,1803,615,-84,-222,-111,-13,0,0,0,0,0,0,0,0,0,0,0,-21,-34,-131,34,427,618,1272,1052,291,-261,-137,0,0,0,0,0,0,0,0,0,0,0,0,0,-138,-339,-185,621,1039,509,243,564,712,379,-91,-17,0,0,0,0,0,0,0,0,0,0,0,-66,-298,-414,20,1054,1276,513,-59,241,1187,812,95,0,0,0,0,0,0,0,0,0,0,0,0,-161,-480,-441,630,1412,1026,233,-260,141,1041,987,279,0,0,0,0,0,0,0,0,0,0,0,-60,-315,-585,25,1135,1163,304,-133,-95,452,869,792,454,51,0,0,0,0,0,0,0,0,0,0,-176,-490,-378,646,1121,454,-138,-252,395,947,1057,553,367,34,0,0,0,0,0,0,0,0,0,0,-151,-515,-216,793,881,-71,-438,203,1116,1453,891,283,92,0,0,0,0,0,0,0,0,0,0,0,-151,-335,-17,606,407,-46,322,1176,1704,1248,444,-74,-28,0,0,0,0,0,0,0,0,0,0,0,60,280,534,570,558,880,1619,1885,1407,427,-60,-86,0,0,0,0,0,0,0,0,0,0,0,0,176,405,629,666,857,1355,1447,1016,260,-143,-156,-6,0,0,0,0,0,0,0,0,0,0,0,0,151,405,566,534,505,558,296,-152,-247,-171,-17,0,0,0,0,0,0,0,0,0,0,0,0,0,151,254,253,102,-35,-169,-253,-219,-84,0,0,0,0,0,0,0,0,0,0,0
0,0,0,0,0,0,0,0,0,0,0,0,0,-100,-195,-254,-73,0,0,0,0,0,0,0,0,0,0,0,0,0,0,0,0,0,0,-155,-417,-503,-309,-128,-64,0,0,0,0,0,0,0,0,0,0,0,0,0,0,0,0,-55,-222,-385,-489,-353,-152,-13,-4,0,0,0,0,0,0,0,0,0,0,0,0,0,0,0,0,-136,-321,-379,56,523,618,522,327,73,0,0,0,0,0,0,0,0,0,0,0,0,0,0,-68,-282,-128,428,957,1089,750,528,374,165,-113,-26,0,0,0,0,0,0,0,0,0,0,0,-83,-280,-184,358,745,938,762,603,95,-126,-147,-189,-127,0,0,0,0,0,0,0,0,0,0,-26,-190,-249,104,516,711,506,196,-80,-282,-418,-339,-67,-17,0,0,0,0,0,0,0,0,0,0,-64,-153,81,523,513,441,62,-215,-342,-274,170,348,365,212,26,0,0,0,0,0,0,0,0,0,-88,46,546,547,273,135,-51,-191,-2,658,991,852,646,533,313,26,0,0,0,0,0,0,0,0,73,265,509,434,49,-97,-26,422,862,1142,1056,799,506,341,270,127,0,0,0,0,0,0,0,0,178,513,484,168,21,212,652,979,1060,841,580,395,266,225,71,17,0,0,0,0,0,0,0,0,131,390,410,261,456,991,891,810,636,465,287,228,111,13,0,0,0,0,0,0,0,0,0,0,17,230,325,226,606,1205,897,333,263,260,203,34,0,0,0,0,0,0,0,0,0,0,0,0,-38,-26,297,470,737,744,461,217,38,173,6,0,0,0,0,0,0,0,0,0,0,0,0,0,-138,-129,264,671,859,677,574,316,37,-12,0,0,0,0,0,0,0,0,0,0,0,0,0,-66,-194,34,396,739,986,715,605,586,348,148,0,0,0,0,0,0,0,0,0,0,0,0,0,-161,-137,278,422,603,672,637,401,494,632,473,120,0,0,0,0,0,0,0,0,0,0,0,-60,-189,53,446,456,309,144,328,486,438,682,523,228,17,0,0,0,0,0,0,0,0,0,0,-176,-27,422,366,231,-17,-25,366,709,654,587,540,287,17,0,0,0,0,0,0,0,0,0,0,-91,222,463,169,-44,-62,301,809,934,645,471,356,253,34,0,0,0,0,0,0,0,0,0,0,85,431,457,272,304,687,1078,1005,746,476,416,260,103,0,0,0,0,0,0,0,0,0,0,0,327,659,639,766,1136,1330,1166,866,555,425,261,156,6,0,0,0,0,0,0,0,0,0,0,0,302,659,819,1089,1383,1310,888,498,337,247,171,17,0,0,0,0,0,0,0,0,0,0,0,0,151,254,253,253,370,338,253,253,219,84,0,0,0,0,0,0,0,0,0,0
0,0,0,0,0,0,0,0,0,0,0,-100,-295,-349,-32,376,327,73,0,0,0,0,0,0,0,0,0,0,0,0,0,0,0,-55,-277,-516,-403,-147,220,400,387,318,73,0,0,0,0,0,0,0,0,0,0,0,0,0,0,-191,-611,-591,-160,404,749,795,580,205,64,0,0,0,0,0,0,0,0,0,0,0,0,0,-68,-458,-590,-12,581,758,847,884,729,404,77,0,0,0,0,0,0,0,0,0,0,0,0,-83,-405,-610,1,462,402,560,695,555,309,223,377,212,26,0,0,0,0,0,0,0,0,0,-26,-299,-671,-395,116,305,483,490,236,-8,-164,121,396,533,313,26,0,0,0,0,0,0,0,0,-90,-490,-635,-81,420,418,415,169,-160,-223,-16,539,811,553,296,127,0,0,0,0,0,0,0,0,-178,-603,-551,101,564,748,417,-150,-111,249,711,820,938,944,410,43,0,0,0,0,0,0,0,0,-131,-578,-895,-229,845,879,280,88,501,684,561,806,980,793,423,127,0,0,0,0,0,0,0,0,-43,-531,-926,-435,477,903,715,641,546,463,553,478,617,549,215,17,0,0,0,0,0,0,0,0,-64,-495,-1033,-439,724,1154,973,517,459,574,479,504,332,84,17,0,0,0,0,0,0,0,0,0,-114,-557,-978,-596,405,1153,1062,847,786,597,452,145,13,0,0,0,0,0,0,0,0,0,0,0,-55,-586,-1065,-536,139,485,895,1297,1260,581,40,0,0,0,0,0,0,0,0,0,0,0,0,0,-176,-702,-696,-243,-50,292,839,1361,1186,484,120,0,0,0,0,0,0,0,0,0,0,0,0,-66,-436,-673,-246,120,203,367,526,1237,1339,705,228,17,0,0,0,0,0,0,0,0,0,0,0,-227,-646,-405,141,339,309,-103,20,1124,1561,1116,407,17,0,0,0,0,0,0,0,0,0,0,-60,-476,-693,-164,370,550,199,-607,-375,994,1640,1193,498,51,0,0,0,0,0,0,0,0,0,0,-236,-685,-496,105,409,621,149,-490,-114,815,1458,1264,424,17,0,0,0,0,0,0,0,0,0,0,-327,-725,-575,-22,573,696,276,40,327,824,1221,1018,310,34,0,0,0,0,0,0,0,0,0,0,-302,-820,-755,-121,657,1020,686,448,382,798,1060,633,137,0,0,0,0,0,0,0,0,0,0,0,-211,-569,-564,181,1032,973,455,381,701,904,671,265,6,0,0,0,0,0,0,0,0,0,0,0,-176,-430,-176,637,1030,643,352,448,659,656,344,23,0,0,0,0,0,0,0,0,0,0,0,0,-151,-405,-415,-37,228,168,266,537,533,255,17,0,0,0,0,0,0,0,0,0,0,0,0,0,-151,-405,-507,-355,-218,-50,169,219,84,0,0,0,0,0,0,0,0,0,0,0
0,0,0,0,0,0,0,0,0,0,0,-100,-195,-154,222,449,327,73,0,0,0,0,0,0,0,0,0,0,0,0,0,0,0,-55,-222,-294,-254,-106,94,391,387,318,73,0,0,0,0,0,0,0,0,0,0,0,0,0,0,-191,-530,-660,-479,-393,-183,59,375,386,137,0,0,0,0,0,0,0,0,0,0,0,0,0,-68,-445,-749,-595,-520,-400,-333,-49,187,141,68,0,0,0,0,0,0,0,0,0,0,0,0,-83,-322,-505,-290,-267,-466,-334,-390,-451,-226,153,343,212,26,0,0,0,0,0,0,0,0,0,-26,-273,-632,-472,69,-156,-349,-337,-452,-509,-361,107,493,533,313,26,0,0,0,0,0,0,0,0,-90,-535,-858,-271,-139,-269,-204,-359,-494,-443,-426,-178,163,468,456,153,0,0,0,0,0,0,0,0,-204,-686,-722,-370,-512,-335,-88,-391,-436,-411,-479,-550,-150,325,324,144,0,0,0,0,0,0,0,0,-169,-645,-952,-945,-567,30,-195,-407,-412,-299,-291,-523,-316,68,71,17,0,0,0,0,0,0,0,0,-41,-363,-1312,-1706,-819,15,93,-203,-297,-205,-268,-409,-357,-131,0,0,0,0,0,0,0,0,0,0,161,-126,-1382,-2098,-1205,40,299,-77,-346,-198,-322,-258,-88,-17,0,0,0,0,0,0,0,0,0,0,131,67,-1123,-2054,-1464,-139,344,-19,-79,-165,-118,-13,0,0,0,0,0,0,0,0,0,0,0,0,-21,-113,-626,-1434,-1533,-880,-177,383,569,153,0,0,0,0,0,0,0,0,0,0,0,0,0,0,-176,-402,-336,-680,-1488,-1724,-960,408,965,552,120,0,0,0,0,0,0,0,0,0,0,0,0,-66,-408,-543,-175,-383,-964,-1707,-1582,-234,805,768,331,17,0,0,0,0,0,0,0,0,0,0,0,-227,-651,-422,-149,-263,-239,-1149,-1920,-838,370,776,498,34,0,0,0,0,0,0,0,0,0,0,-60,-482,-683,-166,-423,-367,95,-687,-1428,-1097,-117,575,506,51,0,0,0,0,0,0,0,0,0,0,-236,-664,-469,-326,-749,-352,37,-314,-756,-1109,-255,445,356,34,0,0,0,0,0,0,0,0,0,0,-387,-772,-601,-814,-645,-61,-117,-128,-402,-829,-145,359,109,0,0,0,0,0,0,0,0,0,0,0,-418,-733,-1036,-1333,-564,48,-9,-253,-491,-507,19,139,6,0,0,0,0,0,0,0,0,0,0,0,-66,-537,-1538,-1866,-950,-302,-264,-399,-515,-205,62,17,0,0,0,0,0,0,0,0,0,0,0,0,176,-224,-1259,-1302,-641,-385,-486,-557,-363,-95,-6,0,0,0,0,0,0,0,0,0,0,0,0,0,302,206,-396,-491,-373,-572,-632,-485,-188,-17,0,0,0,0,0,0,0,0,0,0,0,0,0,0,151,103,-152,-254,-287,-388,-303,-84,0,0,0,0,0,0,0,0,0,0,0,0
0,0,0,0,0,0,0,0,0,0,0,0,-100,-195,-254,27,195,254,73,0,0,0,0,0,0,0,0,0,0,0,0,0,0,0,-55,-222,-249,-281,-1,226,612,455,137,0,0,0,0,0,0,0,0,0,0,0,0,0,0,0,-136,-308,-492,-19,516,954,715,278,68,0,0,0,0,0,0,0,0,0,0,0,0,0,0,-68,-309,-454,66,948,1347,940,362,81,4,0,0,0,0,0,0,0,0,0,0,0,0,0,-83,-254,-334,157,1255,1706,901,289,-72,-182,-13,153,186,26,0,0,0,0,0,0,0,0,0,-26,-190,-349,-91,1151,1798,908,72,-176,-262,-287,46,566,465,153,0,0,0,0,0,0,0,0,0,-64,-345,-341,754,1630,1007,-13,-250,-361,-295,209,742,816,477,144,0,0,0,0,0,0,0,0,0,-140,-330,222,1119,1234,273,-264,-446,-56,610,1042,1109,698,215,17,0,0,0,0,0,0,0,0,0,28,-41,325,937,796,115,-426,165,1104,1487,1299,783,228,17,0,0,0,0,0,0,0,0,0,26,140,307,310,357,347,81,538,1309,1743,1300,581,101,17,0,0,0,0,0,0,0,0,0,0,64,333,264,65,118,216,930,1505,1796,1002,235,30,0,0,0,0,0,0,0,0,0,0,0,0,114,270,227,-23,86,681,1429,1827,1013,137,0,0,0,0,0,0,0,0,0,0,0,0,0,0,17,187,18,52,527,1073,1256,907,597,324,103,0,0,0,0,0,0,0,0,0,0,0,0,0,0,-48,-18,204,1030,1232,517,278,623,601,314,17,0,0,0,0,0,0,0,0,0,0,0,0,-66,-165,-139,601,1507,980,148,141,585,803,481,34,0,0,0,0,0,0,0,0,0,0,0,0,-161,-334,133,1276,1494,507,131,96,677,970,540,51,0,0,0,0,0,0,0,0,0,0,0,-60,-283,-175,677,1416,961,208,-53,339,1085,1013,407,34,0,0,0,0,0,0,0,0,0,0,0,-176,-271,191,1047,1103,300,-106,146,938,1391,817,143,0,0,0,0,0,0,0,0,0,0,0,0,-145,-232,432,1137,592,-128,89,1033,1500,1209,316,6,0,0,0,0,0,0,0,0,0,0,0,0,-106,85,542,654,253,338,1121,1634,1270,453,23,0,0,0,0,0,0,0,0,0,0,0,0,60,280,383,468,484,546,1076,1452,1207,434,23,0,0,0,0,0,0,0,0,0,0,0,0,0,176,254,375,589,707,955,1132,877,278,17,0,0,0,0,0,0,0,0,0,0,0,0,0,0,151,405,566,685,759,719,474,101,0,0,0,0,0,0,0,0,0,0,0,0,0,0,0,0,151,254,253,253,219,84,0,0,0,0,0,0,0,0,0,0,0,0,0,0
0,0,0,0,0,0,0,0,0,0,0,100,195,154,-222,-449,-327,-73,0,0,0,0,0,0,0,0,0,0,0,0,0,0,0,55,222,194,-41,-443,-716,-813,-519,-137,0,0,0,0,0,0,0,0,0,0,0,0,0,0,0,136,253,134,-483,-977,-1270,-887,-341,113,73,0,0,0,0,0,0,0,0,0,0,0,0,0,68,309,250,-373,-989,-1207,-1029,-507,149,314,137,0,0,0,0,0,0,0,0,0,0,0,0,83,254,293,-121,-1053,-1646,-1332,-474,257,416,-3,-271,-212,-26,0,0,0,0,0,0,0,0,0,26,190,295,86,-1111,-1905,-1528,-332,295,304,25,-472,-841,-592,-153,0,0,0,0,0,0,0,0,0,64,319,359,-618,-1971,-1796,-301,568,232,-143,-715,-1233,-1154,-527,16,26,0,0,0,0,0,0,0,0,140,500,122,-1492,-2204,-602,595,377,-425,-785,-1125,-1381,-948,-88,295,153,0,0,0,0,0,0,0,0,107,478,-267,-1779,-1634,-155,504,-329,-1020,-1358,-1409,-887,-286,263,307,144,0,0,0,0,0,0,0,0,152,185,-504,-1422,-1107,-154,-246,-1152,-1661,-1324,-889,-301,136,221,71,17,0,0,0,0,0,0,0,0,67,152,-395,-956,-891,-628,-1038,-1790,-1365,-578,2,161,94,13,0,0,0,0,0,0,0,0,0,0,-97,16,-4,-560,-975,-1424,-1836,-1534,-442,280,196,34,0,0,0,0,0,0,0,0,0,0,0,0,21,174,-44,-752,-1386,-1791,-1650,-972,-17,92,6,0,0,0,0,0,0,0,0,0,0,0,0,0,138,353,-160,-1312,-1654,-1494,-869,-735,-427,-247,-17,0,0,0,0,0,0,0,0,0,0,0,0,66,270,246,-715,-1629,-1371,-488,-432,-992,-811,-277,69,0,0,0,0,0,0,0,0,0,0,0,0,161,429,65,-1443,-1908,-673,249,-359,-1450,-1177,-287,246,17,0,0,0,0,0,0,0,0,0,0,60,321,413,-769,-2022,-1417,129,361,-855,-1954,-1402,-171,413,34,0,0,0,0,0,0,0,0,0,0,176,481,-43,-1598,-1858,-408,490,-110,-1411,-2211,-1185,93,472,51,0,0,0,0,0,0,0,0,0,0,211,544,-480,-1895,-1385,0,315,-986,-1994,-1871,-472,364,356,34,0,0,0,0,0,0,0,0,0,0,387,366,-928,-1832,-988,-154,-682,-1657,-1930,-931,182,404,109,0,0,0,0,0,0,0,0,0,0,0,267,-134,-1214,-1305,-501,-312,-1176,-1590,-903,31,392,173,6,0,0,0,0,0,0,0,0,0,0,0,126,-224,-723,-737,-461,-668,-952,-673,38,308,171,17,0,0,0,0,0,0,0,0,0,0,0,0,0,-302,-567,-593,-567,-634,-468,-19,202,84,0,0,0,0,0,0,0,0,0,0,0,0,0,0,-151,-405,-507,-506,-472,-303,-84,0,0,0,0,0,0,0,0,0,0,0,0,0
